tic_id,toi,disposition,label,success,error,ref_period,probability,prediction,physics_pass,sde,sde_pass,welch_p,odd_even_ok,duration_ok,density_ok,has_secondary,duration_ratio,density_ratio,secondary_snr,stellar_r,stellar_m,n_sectors,n_points,period_recovered,period_days,depth_ppm,duration_hrs,model_snr,rp_rs,log10_depth,log10_period,duration_over_period
240681314,1477.01,KP,1,1,,2.73248092340943,0.3742226985334422,0,1,13.186889011155289,1,0.8305003718827203,1,1,1,0,0.7452826403814936,2.425050277895176,-0.07876421631830642,1.61271,1.419,1,12480,1,2.7327062196042378,4651.666691273593,2.712256665381125,57.984815761256364,0.061335433776631254,3.6676085884023686,0.43659294524455405,0.04135486411973216
165987272,1840.01,KP,1,1,,7.8456075,0.5942186629757567,1,1,17.828216340534404,1,1.0,1,1,1,0,0.7468830608482742,2.409494470744905,0.5457957235190875,1.65137,1.22,1,13275,1,7.840350231032552,3855.5969661285826,4.159159053039726,35.85408390885337,0.0558409710370127,3.5860916298639696,0.8943354631956022,0.022103386809269154
234825296,536.01,KP,1,1,,9.24323029360052,0.04971098040020222,0,0,4.338311534753122,0,0.5465916824950761,1,1,1,0,0.8129221792667827,1.8686882091803496,1.9094739968672791,1.29981,0.94,1,14631,0,1.7937270549741715,2290.3702602316002,2.3771413092182936,4.633678555074711,0.0430387842296028,3.3599056958670337,0.25375635869864527,0.05521885521885517
63013648,5547.01,FP,0,1,,19.630497760606,0.7171961222735637,1,0,4.188771335217126,0,1.0617095808621766e-22,0,1,1,0,0.7666090029449799,2.228240265176785,0.4239963852657691,1.03786,0.967,1,15184,0,11.675321299780839,2971.200946863761,3.310626059406168,16.673356265530863,0.0490199833310464,3.4729320247969038,1.0672688409984765,0.011814899901542442
309792357,199.01,CP,1,1,,104.87242523178372,0.07071462091421704,0,0,4.9090474046982635,0,0.13134292348391022,1,1,1,0,1.1465112816614609,0.6661143135498994,2.6851789473462726,0.878413,0.88,1,16674,0,4.0678735718678,291.93215292355745,3.042906883937231,4.490027436689773,0.015365550060994467,2.4652819300968627,0.6093674467351197,0.031168074570346645
279741379,186.01,CP,1,1,,35.61338894967539,0.9356398803541851,1,1,7.109505450882112,1,0.21075716377142936,1,1,1,0,0.654816925786182,3.5753953732914705,1.0197630356692153,0.705464,0.73,1,18245,0,11.828370701872906,887.9861542991919,2.120209418954016,18.441454929229,0.026798485074523735,2.9484061942038964,1.0729249268834198,0.007468658308882381
470315428,1673.01,FP,0,1,,1.08625,0.027562429538582216,0,0,8.4815046159047,1,0.007152233492611915,0,1,1,0,1.3420005606079433,0.4153609573644977,-0.004797351553236155,1.0,1.0,1,16619,1,1.0878783560284613,1175.9828126997052,2.5033954594992194,20.285611104777445,0.03083952171760915,3.070400974457617,0.03658033630047943,0.09588217613465588
151728428,5850.01,FP,0,1,,3.9997367,0.4205550344422964,0,1,7.232340954711866,1,1.0,1,1,1,0,1.0422504615191919,0.8866811486859958,-8.973912606625564,0.638238,0.618234,1,15516,0,12.52296902790089,5910.886580357544,3.28894197836084,9.992685992729923,0.06914065028522774,3.7716526260723793,1.097707306475715,0.010943031863533959
327577308,2061.01,FP,0,1,,1.45655,0.03588780890902084,0,0,4.233070044442605,0,0.4227212767366438,1,0,0,0,3.5033680398448475,0.023346752126082213,0.9328586853912713,0.700029,0.7,1,854,0,4.640506366199001,542.4415696113626,8.356175590248132,1.9342526040166954,0.020945157421781043,2.734352963973047,0.6665653728064649,0.0750293083235638
158324245,1161.01,KP,1,1,,1.7635881,0.2030242024460497,0,1,25.260680707831558,1,0.06394732661623881,1,1,1,0,1.290428364586432,0.4671776542946017,4.283910296378894,1.0,1.0,1,18416,1,1.7628859633995155,8039.798604139392,2.827430627288115,127.88839366871241,0.08063614029142102,3.905245169867055,0.2462242198046374,0.06682769726247995
463681005,3060.01,FP,0,1,,0.546539104815458,0.0394992656560531,0,0,5.199750989793024,0,0.19804177105489937,1,1,1,0,0.9165276761264303,1.303908187222201,-0.6420969213357525,1.66057,1.14,1,18332,0,1.6463736394814452,2537.981539704526,3.1202826753105226,4.834670503714685,0.04530554679325739,3.4044884588801927,0.21652840387159006,0.07896857373086219
380907135,4536.01,KP,1,1,,4.0460644,0.779011507826174,1,1,45.558929344177464,1,0.009634461856497488,1,1,1,0,0.4337618712260697,12.300694776630456,-3.4085922858134916,1.81133,1.29,2,102539,1,4.046280982060807,4597.7975337117,2.086032388935308,15.734308148983974,0.0609792485636658,3.6625498429820267,0.6070560377826488,0.021480964023751437
333657795,4524.01,CP,1,1,,0.9260632,0.052978767007798085,0,1,15.60103662491797,1,0.14687503020051343,1,1,1,0,0.7205003393328443,2.683991860720333,1.2599235688265646,1.10641,1.0,1,14054,1,0.9261264922247394,161.86547607477397,1.4093657139913143,8.347319940011763,0.01144153415305279,2.209154228932027,-0.03332969245037761,0.06340772228126107
128501004,1426.01,FP,0,1,,0.78999,0.10535656555698489,0,1,25.80431357319382,1,0.14577993933252456,1,1,1,0,0.8498734670535848,1.6353885436126434,0.04389112074601509,1.03097,1.04,1,19607,1,0.7901098434849163,3732.549458198453,1.4501123816190158,112.68524601025713,0.05494269172799963,3.5720055710602554,-0.10231252756625298,0.0764720876879939
58046864,3343.01,FP,0,1,,2.3651663,0.09220238792850402,0,1,11.318701215188657,1,0.7881552477452879,1,1,1,0,0.7945818378254481,2.0010957138406456,1.621556834280917,1.51328,1.04,1,15337,1,2.36820578891591,18114.356167526992,2.869260261297476,21.026392386091345,0.12103712467870117,4.258022902662064,0.3744194383833998,0.0504823151125402
191284318,1458.01,KP,1,1,,2.7759678,0.4564895281711182,0,1,21.441352409162217,1,0.3453675198456827,1,1,1,0,0.911481631169309,1.3256839580282846,-0.5256100930686782,1.24182,1.164,1,12927,1,2.7724031147994737,12516.403025703781,2.7417279181839893,96.8864537587009,0.10061133607619935,4.097479538895791,0.44285637810589723,0.04120564669973292
86263325,3884.01,CP,1,1,,4.5445569,0.03190664115882435,0,1,27.429600677641794,1,0.8731612288327502,1,1,1,0,0.9031073139037183,1.3629053149037598,-0.7819839908203151,0.303138,0.2802,1,16867,1,4.5440414039043695,34846.155858776816,1.2568625159735554,36.73993423230431,0.16787444281600983,4.542154874789711,0.6574422798784193,0.01152482269503552
347098457,976.01,FP,0,1,,3.15104083676292,0.03013353751276093,0,0,10.01923144042667,1,2.384993596357733e-29,0,1,1,1,1.0,1.0,3.284496936838041,49.1612,1.0,1,16823,0,0.787452038174043,487.0756992673142,2.1731162365926306,10.47742954756233,0.019847480237613045,2.6875964626915105,-0.103775888574148,0.11498669819686674
68952448,7484.01,KP,1,1,,4.614447835542864,0.583992252995473,1,1,22.30621445345212,1,0.05316519263826885,1,1,1,0,0.705926632186381,2.8536786340748677,1.2926783073754564,0.831063,0.943,1,93407,1,4.611182455574791,9885.5512521846,1.8061079441995282,47.526835994867504,0.08941442599046473,3.995000892072224,0.6638123067523999,0.016319999999999946
148659924,983.01,FP,0,1,,7.3816254,0.8683796925420825,1,1,14.529312228122487,1,0.01843134437265386,1,1,1,0,1.1746872106196034,0.6193227625502898,1.0702221518118722,1.0,1.0,1,16797,1,7.366350068684563,1643.486098889424,4.145621766169752,15.035942205535008,0.03645777533636441,3.215766035036963,0.8672523538462672,0.023449094686850636
464646604,4399.01,CP,1,1,,7.7121208408771,0.07950922167941334,0,0,7.999692822562848,1,0.003304444026870128,0,1,1,1,1.2997592375472877,0.4571882133709107,6.691854843351035,1.08958,1.1,1,16537,0,2.256891649148726,856.2159492027099,3.263958998467574,14.231312413874022,0.026314723044670103,2.932583313414448,0.35351070958447134,0.06025911419102136
262530407,177.01,CP,1,1,,2.8531016,0.9077158903323983,1,1,19.613915010496235,1,0.08131015762960875,1,1,1,0,0.8626421538612552,1.5638378990186002,-1.3296203401783109,0.517786,0.515356,1,18281,1,2.8523202656541695,1095.5100514405958,1.4330497953045167,18.602026352694104,0.029765647214575763,3.0396163666207405,0.45519828758845077,0.02093397745571668
273874849,5794.01,KP,1,1,,1.48571479660261,0.027148030909310297,0,1,16.209936203868097,1,2.0057976910928662e-05,1,1,1,0,1.369943186446967,0.3904595895842988,10.208298024976044,1.01034,1.04,1,18320,0,2.043175984002799,47463.54069300074,3.1442053341816605,65.96291854016536,0.19592380798530928,4.6763601326608395,0.3103057751443009,0.06412005457025921
315755496,2053.01,FP,0,1,,4.27808,0.02886009748112733,0,0,8.271685641683778,1,0.0033096092056188807,0,1,1,0,1.0,1.0,0.31772300448528956,5.27875,1.0,1,19572,0,0.8562316696614055,207.3712854698817,2.4129768703855805,5.223554229523167,0.012950348532907014,2.316748619819005,-0.06740871284271804,0.11742231278655119
466318137,3153.01,FP,0,1,,1.121602114636,0.05066203044089208,0,1,9.696621937203712,1,0.9773490846108,1,1,1,0,0.8254441671609449,1.7849278033739746,0.6538860005181183,1.0,1.0,1,18183,1,1.1210465070215334,2340.8018016674027,1.5552930470185287,8.451540585079654,0.0435100385784535,3.3693646430489688,0.049623629833028975,0.05780659103187464
139285832,332.01,CP,1,1,,0.77685,0.05120399448757271,0,1,17.350331171402022,1,0.12840891684808167,1,1,1,0,0.8186894745670316,1.8294735826887518,0.88415362770483,0.95852,0.88,1,86797,1,0.7766396425807468,1124.9402052558867,1.3652619851694563,11.023197160981962,0.030162814706202374,3.051129438698435,-0.1097804452158523,0.07324621733149933
686072378,2438.01,FP,0,1,,1.94260032314713,0.029606560637318136,0,1,16.61420118855062,1,0.9291234249197295,1,1,1,0,0.7497170365310049,2.382273523449375,-1.5288016195360048,1.0,1.0,1,16726,1,1.944057136580086,187176.15270733723,1.6971375360484489,34.36569236665633,0.38907417480739964,5.272250516371437,0.28870902485815425,0.036374478234943386
367287018,4037.01,FP,0,1,,4.7257129,0.04748993859901709,0,0,3.2148748094419823,0,0.2996393173800911,1,1,1,0,0.8778186829080945,1.4841209785656204,-1.746516414460523,2.48092,1.16,1,16716,0,5.781361119995347,375.8985054765906,6.747220972977875,2.9029805079870923,0.017435822788276805,2.575070599019053,0.7620300974711345,0.04862768496420056
157586003,1626.01,KP,1,1,,3.33261886913099,0.22899576327964027,0,1,13.557427479115667,1,0.7083170812710494,1,1,1,0,0.7560846426556204,2.322589791474929,-0.3720150902875567,1.69483,1.05,1,16931,1,3.336692160347965,6891.430495016615,3.4170827116713074,37.52385994387506,0.07465550490650162,3.8383093803414057,0.5233161409583019,0.04267053701015978
295354126,1965.01,FP,0,1,,2.2778177,0.31335441177671813,0,0,14.274632064186372,1,4.512307698505545e-19,0,1,1,0,1.3043072493836632,0.452422337473174,0.4548995861085098,1.0,1.0,1,18434,1,2.2771236370360994,830.9783806114135,3.112376274750552,42.91854393337003,0.02592399979400325,2.9195897249835063,0.3573866113902071,0.056950067476383204
294176967,1170.01,FP,0,1,,1.8296155,0.04244947842759217,0,0,3.406865018258534,0,0.028258890524921445,1,1,1,0,0.7984137900862421,1.9724212614859247,-6.559184476604537,3.50078,1.82,1,18843,0,3.200036114240579,361.24810220861116,6.118862067039155,7.134508915274736,0.017092671021850688,2.557805574235212,0.5051548796095618,0.07967178401270508
49899799,416.01,FP,0,1,,7.0114,0.551298241302793,1,1,89.29195377649296,1,1.3353290526431892e-05,1,1,1,0,0.4251548584509267,13.062981883702841,6.710023648438773,1.82141,1.263,2,30875,1,7.011582130123116,6146.169622410658,2.486999733865344,25.3386199855187,0.07050329554087964,3.788604541774643,0.8458160255065584,0.014779116465863384
27318774,4471.01,KP,1,1,,3.24324876796633,0.16334544354229852,0,1,13.49382868629134,1,0.6985562437303007,1,1,1,0,0.9012164313636641,1.3715020448505304,1.5282454095841265,1.09304,1.04,1,18291,1,3.239608131591426,11943.286471241432,2.6093651308207093,11.008981572797044,0.09828088793665077,4.077123849400578,0.5104924803979486,0.03356070941336975
117256577,1156.01,FP,0,1,,1.6865822,0.28031433562028435,0,0,72.0233652090168,1,3.44238122863596e-16,0,1,1,0,0.5523240110963182,5.9580204921407836,0.8996817367409472,1.0,1.0,3,52116,1,1.6865878995738754,3463.8108008434588,1.192468460416078,36.373918019546636,0.0529278469728568,3.5395541621000124,0.22700898015618212,0.029459588713534213
159098316,4475.01,KP,1,1,,3.57875698546331,0.29257806197910874,0,1,14.137370784598007,1,0.6680023104277499,1,1,1,0,0.9315308825673134,1.2419153395443236,2.6059474849300317,1.06062,0.96,1,19580,1,3.5791340402017866,7528.398572526185,2.7787062033965984,13.680674046730168,0.07802943255932694,3.876702603679902,0.5537779632209419,0.03234844625573102
153949511,1277.01,FA,0,1,,0.0,0.7759875512118098,1,1,24.877736861261152,1,0.4864263317627959,1,1,1,0,0.7839993634393007,2.083227180827339,-0.0154189424888709,0.857648,0.976,3,53402,,14.854338807669402,818.4154198169757,3.0223350614940956,10.67823811988685,0.02572729038933131,2.9129738033511434,1.1718533253708252,0.008477699963140406
123357864,6005.01,KP,1,1,,16.1455898171819,0.05177737035556216,0,0,6.464150348351965,0,0.30902639473315735,1,1,1,0,0.7569262660140507,2.3148509670759987,1.8135984209675875,0.732995,0.78,1,15379,0,0.9157158556457083,426.00014266835905,1.0615976522265027,5.333388997992019,0.018561455098753316,2.6294097445488944,-0.038239265926986135,0.048304542546385165
73228647,755.01,CP,1,1,,2.5404679,0.23133254169419057,0,1,12.349351206463714,1,0.6947814773232162,1,1,1,0,0.8820001684012561,1.4631126304038364,-0.7085749916725335,0.986649,1.03,1,15366,1,2.5432474013146087,351.21336862808937,2.1333648104231333,7.736910843100192,0.01685359937455401,2.545571038586314,0.40538860940873167,0.034951456310679696
327210623,3313.01,FP,0,1,,2.128423,0.12100556480541505,0,1,10.229445499968019,1,0.018834495046516433,1,1,1,0,0.9447838456825703,1.190382097597272,-0.5217102347961581,1.0,1.0,1,16389,1,2.13259022334875,7935.755530450339,2.2057260944377988,15.451713319956323,0.08011268492100182,3.899588280440003,0.32890741389518663,0.04309559939301977
461387302,1624.01,FP,0,1,,5.8089284,0.07088900223141703,0,0,4.246544247146514,0,0.9650060328388408,1,1,1,0,0.5465726374715068,6.148088420821381,-0.035043342883509375,1.26669,1.287,1,1005,0,7.160308321432443,324.7580811683859,2.225115733353506,3.4939440623026576,0.016206421509541585,2.5115599667140294,0.854931723343305,0.01294820717131473
457138169,1770.01,FP,0,1,,1.09245357642221,0.05069414747824059,0,1,15.35581097425194,1,0.970814670290141,1,1,1,0,0.7915372462637128,2.024275862241829,3.371126755643584,1.44878,1.224,1,18584,1,1.0912929592654457,345.29842393127285,2.0019063648413455,13.790844730069402,0.01671107717516788,2.538194596074582,0.0379413532586017,0.07643480560698224
66783360,1399.01,FP,0,1,,1.3812787,0.11619505460870064,0,0,14.350776777172825,1,0.15847560428194668,1,1,1,1,0.9103384477983549,1.33068452827203,6.657240077136534,1.37937,1.323,1,17962,1,1.3805331926448194,1245.9402582472023,2.3100922090256653,25.299986704006294,0.03174356917325815,3.0954972187793293,0.14004685299569952,0.06972222222222224
431899140,1596.01,FP,0,1,,1.9734615,0.03407625669458112,0,0,7.406083045867513,1,0.3624116322144958,1,1,1,1,0.8582443073956904,1.5880017221091316,5.577652188761511,3.62341,1.92,1,16438,1,3.956275130741618,295.7748120807624,7.177504608777139,6.566707551599068,0.015466346668503089,2.4709611871047583,0.5972864860616507,0.07559198542805096
99869022,1199.01,CP,1,1,,3.6714717,0.4612218497092372,0,1,13.39918672220672,1,0.885706923365053,1,1,1,0,0.723212134619509,2.653912806637726,-0.007159487049862659,1.53552,0.99,1,17797,1,3.677526178066522,2784.1063203715157,3.1194499754482905,37.602163249954856,0.04745151195273406,3.4446858162362943,0.5655557728881803,0.03534361851332396
402898317,2093.01,CP,1,1,,53.8108713039137,0.0674503026178071,0,0,4.643590340361204,0,0.42210127606731324,1,1,1,0,0.7100969055303604,2.8036958791892754,1.1955986326696613,0.730261,0.7,1,13299,0,1.0137773692017455,416.06593666154714,1.0641280613711417,4.483943861097165,0.01834375442146526,2.619162161538004,0.005942592134469782,0.04373610081541879
90544017,1038.01,FP,0,1,,3.2235985,0.05820882228718072,0,0,6.059216906830384,0,0.04900160685943011,1,1,1,0,0.7049988878915449,2.864959373404879,-1.606327901949896,2.16682,1.0,1,81645,1,3.2311177808159437,192.40864819847215,4.096178257590111,7.255054614952549,0.012474393541592086,2.284224588390287,0.5093527892235054,0.052821997105643996
113921235,6982.01,CP,1,1,,59.847399221,0.06319220451781486,0,0,3.917030425160003,0,0.8440016645283558,1,1,1,0,0.7150651091739219,2.745661541966609,1.0915370795454105,1.09215,1.032,1,12176,0,1.2788914835720808,363.4199859198217,1.52146696775638,3.4928084890504283,0.017143976015284664,2.5604088072208384,0.1068336953111485,0.049569848422777556
195199644,1321.01,FP,0,1,,1.19888,0.03330874764614238,0,1,12.888964889333787,1,0.21116318654558225,1,1,1,0,1.0,1.0,-1.4768230007651624,5.60886,1.0,1,14585,1,0.6012348010102295,196.00723493973237,1.5144950474678205,5.329785467317694,0.012590506394006102,2.292272102154497,-0.2209558892805991,0.10495726495726504
1950736,4610.01,FP,0,1,,3.1129681,0.04148676777044108,0,0,5.493452075755444,0,0.20815787411732764,1,1,0,0,0.280931278359137,45.277608221544874,1.3941605931953736,0.685615,0.64,1,15036,0,0.5614854809573057,188.48337404375746,0.33443873783029504,3.131566048897393,0.012346494593927818,2.275273047488746,-0.25066146936093686,0.02481800132362677
183532609,191.01,KP,1,1,,8.1587261,0.3162084950633727,0,0,27.594853671266293,1,3.1860637036181724e-10,0,1,1,0,1.0658609522505944,0.8290526409921866,-0.532314550129945,0.996641,0.99,1,18298,1,8.168008194865239,13338.004874737131,3.893285709629825,64.9332297629437,0.10386101984114951,4.1250908718074095,0.9121161648015482,0.01986044015029531
35857242,400.01,KP,1,1,,3.6344447,0.4494380638165104,0,1,18.69557379644863,1,0.09236093080848393,1,1,1,0,0.8138740465088654,1.8621392956975535,-0.08044086291153034,1.42158,1.25,1,14798,1,3.6351464224405423,7249.00500319925,2.995360652091011,43.810374072901254,0.07656783134148043,3.8602783994985552,0.5605219087788905,0.03433333333333338
199444169,1410.01,CP,1,1,,1.2168732,0.35553475528850326,0,1,18.47593784662038,1,0.6361142651953395,1,1,1,0,0.7767022411755252,2.1424963395989476,0.46404918878255474,0.778749,0.71,1,13878,1,1.2176380924415784,962.5646090467566,1.3131731781538265,16.55404116125996,0.027901149215875755,2.983429889776143,0.08551822605462438,0.04493580599144076
283015592,4000.01,FP,0,1,,3.7027104,0.2900937835911625,0,1,14.747027929947606,1,0.04806149949836565,1,1,1,0,0.7667040263865142,2.2274118797356115,0.6227535353097404,1.90022,1.73,1,17975,1,3.7025297579919756,9754.682367501433,3.4053814380642695,29.007474949012472,0.08882060214115182,3.9892131324401956,0.5684985577212062,0.03832268814218276
175310067,1016.01,FP,0,1,,12.6889414936027,0.8388045542511142,1,1,10.158852605392525,1,0.49445963182412406,1,1,1,0,0.5997924104221205,4.652440904852936,-0.202357249690172,1.53641,1.77,1,101536,0,11.230007003846051,1956.3835547542485,3.094285120871341,14.189167850107424,0.03977719447004148,3.291454003510571,1.0503800271190484,0.011480718280836077
299158887,1554.01,KP,1,1,,9.43415890796681,0.7536555587956209,1,1,17.83607830528203,1,0.9009521486371695,1,1,1,0,0.7223575464058258,2.663343123429089,-1.2835219551151402,0.938168,0.964,1,18294,1,9.426376577507687,3205.0179850414697,2.6284843631418404,16.06507864801882,0.050912260757132836,3.5058304709164125,0.9743447855474008,0.011618481491488808
271431851,6081.01,KP,1,1,,7.88642182497306,0.09112102913775973,0,0,3.700623902585587,0,0.07330929360493163,1,1,1,0,0.6102767099685222,4.416755665224487,0.3310907350460657,1.56051,0.99,1,19580,0,6.929694417513337,5231.628533007293,3.3042251527215987,4.186830954472041,0.06504674915835262,3.7186368997289763,0.8407140837151496,0.019867549668874218
274002141,6368.01,FP,0,1,,1.6197991,0.1515482770950069,0,1,16.665048225245,1,0.9684594831258715,1,1,1,0,0.8144505794241693,1.8581875833357961,-0.13217141363134624,0.30525,0.282616,1,11041,1,1.619531938628305,27751.618714805358,0.8069277494163127,9.731189216948502,0.14981362299737241,4.443288320013825,0.20938951710893697,0.02076031275276352
17307715,5562.01,KP,1,1,,13.8532745404664,0.10842310518641889,0,0,4.3524588978469145,0,1.0,1,1,1,0,0.7807511926833481,2.109336144422682,-0.35317141472172,0.655766,0.6,1,93205,0,8.289871192945487,1097.873928529447,2.228317376663733,4.1628965545047185,0.029797743869262823,3.0405524719104977,0.918547782585545,0.011199999999999932
291732201,7418.01,FP,0,1,,6.7415334,0.1593520140237572,0,1,11.826517631690955,1,0.10054366578280698,1,1,1,0,0.5556799833012017,5.850722564856298,-1.169830292997267,0.947997,1.07,1,1125,0,6.173738598115319,20920.555104021023,1.7137067994768407,19.993456353736796,0.1300749743047332,4.3205732038766325,0.7905482370995219,0.011565836298932321
72668830,4296.01,FA,0,1,,19.970657361355105,0.03131134181295246,0,0,5.632801939729354,0,0.42125707216005603,1,1,1,0,1.2678361320626501,0.49259997996885313,-0.9064681563021478,0.899081,0.825,1,12884,0,1.1836272167792234,296.3280134196111,2.331840961019597,5.725991702378991,0.015480803624266749,2.4717727095241866,0.07321494293767698,0.08208668968162636
308307606,517.01,FP,0,1,,9.88502437905873,0.10407276221664215,0,1,7.250443097024702,1,0.1931879819528917,1,1,1,0,0.8949215105843226,1.400647732276701,-2.2104322905513496,0.819196,0.94,1,14440,1,9.876453455762189,6076.237142099705,2.912373988320303,5.849959396805613,0.07010104698699682,3.7836347150748133,0.9946010213990557,0.01228668941979516
38087018,5138.01,KP,1,1,,1.72926812423633,0.13220624807841858,0,0,15.45759551207083,1,0.39572383968297115,1,1,1,1,0.7484418637429417,2.3944708196769393,3.1299400128062516,0.766495,0.68,1,16166,1,1.7287838979589711,18361.581163783725,1.4201296035037636,11.7079470954573,0.12186028379340862,4.263910076709398,0.23774070883808812,0.03422756706753011
370133522,1078.01,CP,1,1,,0.518242460936129,0.050240534413942724,0,1,22.76419710750295,1,0.06416314406584217,1,1,1,0,1.014818680759254,0.9605465229137214,-0.12522778903774795,0.390989,0.381272,1,17496,1,0.5181955428684353,719.6223032657211,0.7971790864706447,14.41350567185328,0.024124562954925256,2.857104614978027,-0.2855063268113449,0.06409895979758234
167009792,1941.01,FP,0,1,,1.1330519701151485,0.03944079828547963,0,0,5.469955571920027,0,0.682299915487411,1,1,1,0,0.7453644877555674,2.4242514920418152,0.7438756766566768,2.10249,1.08,1,18204,0,3.550403193245748,89.43168928132738,4.2263999612397365,3.7847671983991673,0.00850457986653506,1.9514914342480987,0.5502776754941702,0.04959999999999998
166184426,1955.01,FP,0,1,,16.3152,0.3032796233096215,0,0,5.977762925984985,0,0.5680761546425849,1,1,1,0,0.3771038283491782,18.7197885753447,0.6940221769933529,0.31097,0.289172,1,12504,0,2.803453701262497,1629.0266719696244,0.4535325575396887,5.732782313594521,0.036297042867917406,3.211928195047859,0.4476933881669012,0.006740681998413933
260647166,1233.01,CP,1,1,,14.1758947254494,0.6342812799722997,1,0,5.996744302468854,0,2.885465940578806e-32,0,1,1,0,1.1714590992915306,0.6244567627043468,-0.9686277274993704,0.864173,1.02,1,15415,0,7.613023797257716,389.43772022104196,3.5883666578188143,9.676034687013873,0.017747049225963388,2.5904380141857573,0.8815571873398186,0.019639407598196934
151724385,5795.01,CP,1,1,,6.140620703386301,0.8815854452068589,1,1,14.913292423954708,1,0.03560479026629585,1,1,1,0,0.7699282345546885,2.1995458779185677,-0.14518896202420997,1.05042,1.017,1,10718,1,6.141634535502869,2016.3525371497126,2.671268552616492,15.215753973348491,0.04038223761036318,3.304566466044145,0.7882839697207396,0.018122676579925667
4897275,1774.01,CP,1,1,,16.710042174913,0.04145103523378578,0,0,6.848568475850487,0,0.422805841319664,1,1,1,0,0.7933206254023537,2.010654854771987,-1.5129394773871196,1.09271,1.06,1,17196,0,3.3423832856224895,149.9378600973156,2.3056167001562162,5.482238104134763,0.011011913746197977,2.1759113083337605,0.5240562508494719,0.028742174160500955
268532343,2420.01,CP,1,1,,5.84259,0.6741902372792457,1,1,10.139631954946706,1,0.06556764671601521,1,1,1,0,0.5960795825574652,4.739920142605703,-1.369970935277819,2.19681,1.02,1,827,1,5.854141296241835,2503.28474341488,4.252402878626036,23.22438420608802,0.04499479454600036,3.3985102525089017,0.7674632004068934,0.030266343825665898
31114545,2468.01,FP,0,1,,24.4232697,0.08555366405331002,0,0,3.1073922279176958,0,0.06521546664898546,1,1,1,0,0.5704799920054682,5.407076467910661,0.42481649640540414,2.36965,1.15,1,971,0,9.559271275168888,331.013402425695,4.9668790955516515,4.358943931469622,0.01636175691091213,2.519845578312536,0.9804247862891012,0.021649484536082397
431148743,1495.01,FP,0,1,,2.6277641,0.10167132131004795,0,0,4.8710498565850155,0,0.20154468847419837,1,0,1,0,1.9555246207315904,0.13424369543792852,-0.513764479704911,1.0,1.0,1,11592,0,7.989327937252356,1145.8127606424061,7.090606020338782,10.130105983797154,0.030441354604707493,3.0591136545742006,0.902510247972484,0.03697957072666147
376637093,1516.01,CP,1,1,,2.0560153,0.5540040702920925,1,1,35.38115091115991,1,0.341228279903115,1,1,1,0,0.9977736635495015,1.0106194544942035,-0.048740503493848085,1.2421,1.324,1,17990,1,2.055423412705684,15843.712557741086,2.602813319060795,291.5640351270697,0.11319718428950917,4.19985695467903,0.31290129913681314,0.05276312135517913
237922465,2416.01,CP,1,1,,8.2754608,0.27504235076891914,0,1,10.57109262653529,1,0.5880861713056512,1,1,1,0,1.0231368921008954,0.9373084441091716,-1.6729919424404966,1.38931,1.0,1,81954,1,8.261269252454783,4078.413344579923,5.211928904067855,11.651260994476894,0.057431844759062135,3.6104912391402824,0.917046776980182,0.02628696604600217
459978312,1487.01,FA,0,1,,23.28798,0.031157746678819532,0,0,6.82791246109572,0,0.00019780377941111443,0,1,1,0,1.0,1.0,0.36963664309820315,8.94912,1.0,1,18369,0,0.650004760069795,100.59969590681118,1.846390332951883,10.039142918146196,0.009019978052336576,2.002596667934685,-0.1870834629502583,0.1183574879227054
268403451,1612.01,KP,1,1,,2.8641388,0.5048350662746995,1,1,22.31819268531874,1,0.6604809297934375,1,1,1,0,0.8058372639126544,1.9184113024849963,0.9101563116372128,1.5269,1.139,1,17241,1,2.8631644383642616,7509.146500565666,3.034464874847589,130.6181432652857,0.0779295979223073,3.8755905773291666,0.4568462913060608,0.044159544159544095
419419534,3389.01,FP,0,1,,1.680148,0.04274582066380853,0,0,4.080007378828215,0,0.46540411882766214,1,1,1,0,0.7604629110676852,2.282704265998138,-0.6463471318335553,2.35492,1.2,1,15625,0,2.941124702987463,431.39764096056246,4.379402993948878,5.054107512729676,0.01867867345736455,2.6348777658926004,0.46851343888013175,0.0620426344257079
149918151,3846.01,KP,1,1,,1.540776,0.09594421482088121,0,1,25.707885596956118,1,0.5335830212954347,1,1,1,0,0.8348119959580703,1.7255109524370096,0.8696035519040916,0.769359,0.662,1,18317,1,1.5409179728697215,25333.799307333036,1.543861063131684,72.11286855069918,0.14313877947574374,4.403700325774641,0.18777952069232756,0.041746248294679426
386259537,1932.01,KP,1,1,,5.61077370946175,0.07815767336660202,0,1,10.21158652806886,1,0.18717191191582044,1,1,1,0,0.9082059933232891,1.3400798376393974,0.944094259500605,2.21327,1.17,1,100996,1,5.623435403477452,3006.8438596159153,6.1528174219220535,21.14936354708231,0.049313131835895106,3.4781108764983117,0.7500017107558983,0.04558910597986982
101011575,560.01,CP,1,1,,6.3980642,0.9282965761419426,1,1,16.25891888207778,1,1.0,1,1,1,0,0.8800817574544777,1.4727014240947998,0.30863536325595864,0.630294,0.75,1,12962,1,6.397099093231401,1030.465398566549,2.0556860131271426,19.72143006828937,0.02886847573202812,3.013033413423426,0.805983078138271,0.013389441469012942
102283403,896.01,FA,0,1,,3.52985,0.09653841618851168,0,0,4.19893667586079,0,0.004591599655624085,0,1,1,0,0.5908387790514863,4.867173048457424,-5.676198244380976,1.36534,1.39,1,17405,0,1.8612201475580084,255.76645807412478,1.6127019272823533,5.556059299594668,0.014382319804796736,2.4078435892886025,0.26979774508942006,0.036103151862464156
13023738,360.01,FP,0,1,,8.0635,0.08762096784385418,0,0,3.6899113164333492,0,0.5373540319880342,1,1,1,0,0.6578841489209643,3.5256199556639976,-0.24672853735166841,1.71254,1.0,1,14696,0,6.9490192059493685,973.0960487067674,3.899551272467688,3.775063547699676,0.028053367523197606,2.988155709091198,0.8419235119998284,0.02338190443917315
178155732,396.01,CP,1,1,,5.9739124488142,0.9139042336766358,1,0,11.221050462785595,1,0.0016897735734092212,0,1,1,0,0.8148549786084042,1.8554223918888657,0.43284511556054583,1.2845,1.24,1,14722,1,5.96209784151929,230.48928745217356,3.204229053864646,15.07289042243829,0.0136531392443989,2.362650745306915,0.7753990987820308,0.02239304812834225
16102323,1164.01,FP,0,1,,3.2077145,0.7930283376938964,1,1,21.00231312708625,1,0.6398304997568112,1,1,1,0,0.7252173320342531,2.631959724335082,-1.9044711703872939,1.0,1.0,1,9036,1,3.2060549539171066,6129.3684736308805,1.9395834945090606,77.42250581368027,0.07040686580901734,3.7874157302205145,0.5059709621785802,0.02520729684908796
263179590,2498.01,CP,1,1,,3.73823810637544,0.1553588216451597,0,1,13.012217042057118,1,0.29063635579332214,1,1,1,0,0.9041649332276658,1.3581282564456958,-1.2150373254393283,1.29068,1.084,1,17354,1,3.736841446859782,1049.8146350643722,3.197481353034701,9.79150835479232,0.029138249537477557,3.0211126228076184,0.5725046712468297,0.03565267395054622
272625214,1613.01,FP,0,1,,5.2469991,0.8040998878058134,1,0,9.722307411171046,1,0.0996512290833724,1,1,1,1,0.836022091759938,1.7180290471435997,3.047007600306144,1.43857,1.4,1,17964,1,5.238347510887351,1117.6200353812949,3.386524022589775,11.9069892269185,0.03006451735209834,3.0482941786980597,0.7191943060507632,0.026936961955012554
377290815,1813.01,FP,0,1,,0.798,0.03186099021125021,0,0,4.811357796970702,0,0.23797553345333905,1,1,1,0,0.916547129689792,1.3038251632684792,0.9014960132760328,1.83603,1.239,1,19559,0,2.083207236991486,152.64333985209876,3.6294288082072743,4.119775692593813,0.011110819101460742,2.183677859872261,0.3187324756150606,0.0725929699439633
437261733,1910.01,KP,1,1,,5.4161129,0.26460503660578333,0,1,14.579861500971546,1,0.25397436767846965,1,1,1,0,0.94819134860517,1.1775945802212693,-1.3542276728229141,1.09531,1.0,1,15248,1,5.408459114357179,10826.559707069138,3.30654325998585,19.801891799403705,0.09357339452585957,4.034490475314458,0.7330735509751257,0.025473546701502373
421308357,1479.01,FP,0,1,,16.6828999,0.32037774830627114,0,0,3.6499255314057812,0,3.4197421428631052e-06,0,1,1,0,0.36525136319036206,20.6019451748947,-0.25463082548561383,2.63127,1.38,1,19562,0,3.703430819701724,376.31243579994145,2.422417306417223,9.247853318078041,0.017445420099648005,2.575548570459256,0.5686042364177705,0.027254202750891465
382474101,349.01,FP,0,1,,2.6520851,0.3658535753536848,0,1,34.164433986510154,1,5.194760049840397e-05,1,1,1,0,1.3152655092918322,0.4412080917261442,8.131679517403377,1.0,1.0,1,17347,1,2.6527388097070226,10760.619130783522,3.3023891304515978,150.42804747447812,0.09328799881024982,4.031837259931423,0.4236944911858159,0.0518707482993197
458876004,3677.01,FP,0,1,,3.6923071,0.5915424632386003,1,0,15.341807933205605,1,0.0011741778507863513,0,1,1,0,0.6280722324337062,4.051865153569984,-0.09070410155513814,1.09776,2.104,1,12161,1,3.689150830919443,8271.141984853237,1.507974062273639,26.84423701973347,0.0817880558532238,3.917565476116091,0.5669264117182401,0.01703163017031628
281909674,534.01,KP,1,1,,4.03504443843292,0.15764545895747184,0,1,9.933981207673977,1,0.742641338284716,1,1,1,0,0.9077253333416964,1.3422097679059604,-0.4178648255881132,1.13707,1.08,1,14615,1,4.030981072586126,11394.892906152476,2.903937797991218,6.873360183510369,0.09599801892669876,4.056710247859037,0.6054107589343212,0.03001686340640808
137683938,4587.01,KP,1,1,,3.29031359088435,0.20552546083182804,0,1,7.721219247912054,1,0.5703537372795893,1,1,1,0,0.9746240509771347,1.0843572575616376,-1.198541066416356,0.567309,0.560561,1,19566,1,3.2869534185858793,14928.828731993415,1.8084104391608466,5.097512759885946,0.10988034508955491,4.174025735709883,0.5167935494742446,0.02292409577177784
424865156,1265.01,KP,1,1,,2.2047452,0.205870506338401,0,1,19.833645789738984,1,0.7339509672254775,1,1,1,0,0.8864803620414783,1.441041227165634,2.185333649884443,1.99356,1.347,1,18418,1,2.2056601436981347,6346.771911800997,3.7780881023259694,142.43186998447374,0.07164462145666663,3.8025528910623194,0.3435385955533295,0.07137107593238529
327369524,6016.01,CP,1,1,,4.0236805,0.2747902840308395,0,1,15.79751655672436,1,0.3851988936681397,1,1,1,0,0.7625633131133667,2.263893752049782,-0.015025414314915721,1.57165,1.044,1,17985,1,4.027954736820095,5770.63410899703,3.4093879582970397,42.121028720053104,0.06831544726964281,3.761223538442923,0.6050845816284239,0.03526798111635654
319068154,1541.01,FP,0,1,,3.7983639,0.5785319628980676,1,0,8.940980476586487,1,0.9357794102103736,1,1,1,1,0.5879245325236743,4.939909765649801,5.867004500507208,2.36113,1.0,1,12857,1,3.8055101220919676,784.2569978944169,3.9309340695048487,16.127304053441936,0.02518467484497486,2.8944584025796916,0.5804128814377958,0.0430399379604498
404467699,857.01,KP,1,1,,3.9080236,0.43958872120236453,0,1,14.970190174893164,1,0.634566926173531,1,1,1,0,0.8050713911585948,1.9238915262078229,-1.8815486500436935,1.63143,1.16,1,15729,1,3.9143580868564056,5908.433300589322,3.573169981028977,64.82156055586226,0.06912630057981993,3.771472337207718,0.5926605525514846,0.03803486529318534
120757718,1236.01,KP,1,1,,3.03007145826677,0.33177994673075395,0,1,30.991835136596272,1,0.046225420366089454,1,1,1,0,1.0089352754693914,0.9774484085811395,-1.2263466297293266,0.857369,0.896,1,11599,1,3.032337132320283,20930.572841186822,2.355614535499229,89.79794890266137,0.1301061135585482,4.320781114548051,0.4817774840863172,0.032367972742759765
394029948,2110.01,FA,0,1,,32.76639,0.07623224371303765,0,0,3.9474483665978255,0,0.26112846746662116,1,1,1,0,0.771778407164573,2.1837649564108896,0.12439746849493805,1.39264,1.135,1,18343,0,13.18534475443363,245.9578053198852,4.41516239697697,2.993342879990139,0.014103842563374606,2.390860609182678,1.120091489684304,0.013952240407834717
36592530,4525.01,KP,1,1,,2.4841975,0.6299962085672871,1,1,14.06442653190425,1,0.39923398634169865,1,1,1,0,0.6426633712924747,3.7821009772581164,-0.161879073055116,1.27553,1.14,1,9428,1,2.484735265581875,5509.595317122029,1.927743735459392,56.26151992424502,0.066752417279994,3.741119700849028,0.3952801239258548,0.03232644409115004
459837008,2267.01,CP,1,1,,3.49504222192781,0.09430358855941942,0,0,10.600346082507134,1,0.8651156245871542,1,0,1,0,1.96766321062377,0.13177452713795126,2.565490824816255,0.242745,0.21305,1,1023,1,6.925831070797614,1547.9964419561343,2.7649110341344723,4.866685982363416,0.03538279415806535,3.1897699581294363,0.8404718943871136,0.01663405088062625
260298958,2205.01,FP,0,1,,0.88914831054054,0.031628705508810646,0,1,21.746394374325863,1,0.7550337202952802,1,1,1,0,0.8005703653602535,1.956524245364334,-0.41550239581226295,0.649887,0.627042,1,16756,1,0.8889839071757778,35425.65023416555,1.0601152930557927,19.3711175103458,0.16926456991018937,4.549317830423193,-0.0511061007710877,0.04968759297828029
193708920,3562.01,FP,0,1,,1.3298469,0.07730773581814493,0,1,13.919398659812192,1,0.5643509592730283,1,1,1,0,1.4108249265849682,0.35749040583966046,2.7742595483381414,0.814372,1.177,1,18842,1,1.329251208358169,2298.6415668093673,2.1701486112104753,16.61141797038919,0.0431164280426507,3.361471255874385,0.1236070637825648,0.06802541026998404
269892793,1636.01,FP,0,1,,1.77292394746986,0.2214157215418985,0,1,28.32180259788494,1,0.002838608836310472,1,1,1,0,0.8116369916578074,1.877579202827396,-2.3281694423730537,0.687841,0.768,1,14631,1,1.772085054831224,21501.180022970966,1.3380561036479313,108.9581108981329,0.1318676584442818,4.332462295422662,0.2484845628994338,0.03146143437077126
234523599,127.01,CP,1,1,,3.79551778380905,0.03278814976769659,0,1,23.93129979172766,1,0.5881518532822834,1,1,1,0,1.0720445429422816,0.8147892156889619,0.7463158492238654,0.445372,0.44159,1,18261,1,3.796129153903012,49202.4291598081,1.7740246139338696,44.933831908300895,0.19948048672237292,4.691986544731945,0.5793409798019379,0.019471859162443317
35377903,6693.01,FP,0,1,,2.993758709116834,0.11373461883835272,0,0,12.073268938758973,1,0.001253384756152001,0,1,1,0,0.8185545503722284,1.8303784006000952,3.0996306835573333,1.9654,1.15,1,14117,1,2.9888155188977596,2456.371691910486,4.011889715985952,33.72980466096311,0.044571185824842104,3.3902940837769315,0.47549910955340025,0.05592920353982306
134537478,501.01,KP,1,1,,1.7100122,0.3827847324058413,0,1,17.071836035364395,1,0.8420593612917456,1,1,1,0,0.7931027568060249,2.0123123155284626,1.1643619929877882,1.50815,1.06,1,16341,1,1.712130181691572,7542.871157590114,2.5454678807449955,141.3934803595319,0.0781043983953593,3.8775366894439642,0.2335367831453631,0.06194690265486735
211438925,194.01,KP,1,1,,4.8996461,0.4215206021559659,0,1,23.828185914233114,1,0.13973020762675264,1,1,1,0,0.7495397973540262,2.3839638888604244,-0.9891960604549815,1.5037,1.0,1,18298,1,4.900802565991093,8975.498663494564,3.4723882915234814,79.41805840836506,0.08519938112510693,3.9530585865860517,0.6902672068530216,0.02952227589908751
452006073,3071.01,CP,1,1,,1.2669382,0.062669125174868,0,1,15.803378628696489,1,0.6842414924781954,1,1,1,0,0.8750486489090894,1.4982599405596315,2.1110908160407145,1.35787,1.23,1,18814,1,1.2664441299633469,2784.9224082806545,2.176209411170834,18.46354761792109,0.047458466027643365,3.4448130996444046,0.10258603535528628,0.07159841479524437
382188882,276.01,FP,0,1,,4.80009527427101,0.7121615295133283,1,1,10.325329623897096,1,0.864705275931671,1,1,1,0,0.7760127702718976,2.1482121027293104,2.860361976282657,1.58083,1.3,1,12766,1,4.804668320697017,2193.6316535414726,3.4401499638310984,22.116216158796018,0.04212006172599544,3.341163704248506,0.6816634125117664,0.029833397907787607
86451883,3507.01,FP,0,1,,1.7561019,0.08952419429424513,0,0,12.552400824543842,1,0.8981364778677943,1,1,1,1,1.276299934129609,0.48286477314002335,5.8610024096266935,0.811153,0.801,1,14468,1,1.7573413961519715,13501.70798696837,2.439945078954807,14.60700194142737,0.10449644173109757,4.130388710894715,0.24485613944763218,0.05785123966942157
261258875,927.01,FP,0,1,,2.5852,0.03226244562636087,0,1,7.408655867985277,1,0.5194652028800032,1,1,1,0,0.7859560094879294,2.067707231823887,0.33833283033382444,2.65887,1.4,1,90929,1,2.5871823795478575,122.86136330119658,4.6513426097464885,4.824378601655139,0.009968155675441808,2.089415330053233,0.41282704473487025,0.0749100425253516
53735810,661.01,KP,1,1,,4.08604953569308,0.27563016843319776,0,1,16.63517512159023,1,0.8840140433895776,1,1,1,0,0.9723786930658046,1.0918864127625418,-1.3646433729625713,1.47741,1.56,1,15773,1,4.08781555922762,5567.188155891301,3.5923227641697304,36.361039404524334,0.06710039806943838,3.745635899532992,0.6114912923573966,0.03661616161616166
286355915,1637.01,FP,0,1,,4.07668395215913,0.35317146956609957,0,1,18.266225429336256,1,0.3959875965688528,1,1,1,0,0.816023383466386,1.8474638626681061,3.162801810485192,1.64302,1.35,1,14617,1,4.081744185138234,10100.567981333408,3.516409484250484,64.29468559684098,0.09038160407352479,4.00434579598297,0.6108457827259042,0.03589569928885883
420803693,4134.01,FP,0,1,,0.9135968,0.05199413796762749,0,1,9.19704997320588,1,0.0665703613979831,1,1,1,0,0.8300390953862494,1.7554486023720706,0.289986438494552,0.889108,1.102,1,16708,1,0.915273920432576,557.5660485662714,1.2582285875159058,5.803506975653521,0.0212351487345385,2.7462963207405315,-0.038448912131084825,0.05727923627684972
262499797,4858.01,FP,0,1,,1.75091172663579,0.07503344683159253,0,0,10.826040436375633,1,0.9425858433629231,1,1,1,1,0.7553354639726598,2.3295076230862395,6.560475668968307,0.443812,0.439909,1,914,0,0.6388743412910547,794.8414129875791,0.6885567928043796,7.8536433048357805,0.0253540527875467,2.900280486725946,-0.1945845538141398,0.04490690032858713
366622912,515.01,CP,1,1,,3.11489307594055,0.12860535409477866,0,1,18.461012986678053,1,0.04887952440652037,1,1,1,0,0.9680552482205464,1.1065813136242284,1.1942088595764841,0.74956,0.82,1,16308,1,3.1157449866553653,22872.79577752832,2.0537104580944754,28.120783923457605,0.1360087261357742,4.359319252343694,0.49356190489893553,0.02746414403417763
149601557,1033.01,FP,0,1,,29.016164561874017,0.03419483760740882,0,0,5.315455636495446,0,0.40455927357012383,1,1,1,0,0.7902270187997315,2.034361553129398,1.540240178814786,2.01294,1.0,1,100128,0,2.00624683418309,174.20522117839175,3.6388219878548385,4.370608109127603,0.011869645008509074,2.2410611672903795,0.30238436444158306,0.07557274620648613
264460005,4683.01,FP,0,1,,3.0929206,0.0957625098717286,0,1,9.169785945131332,1,0.06500834228807333,1,1,1,0,0.7886310377948441,2.046737597223055,1.4532104667453183,1.42878,1.04,1,985,1,3.0881331883709584,4497.956117011093,2.9374925450357963,8.792569816920482,0.0603135309000619,3.653015214053615,0.4896960227929685,0.039634146341463505
178709444,762.01,CP,1,1,,3.47168080203191,0.15633710645651172,0,1,21.76257851338234,1,0.6434298548516355,1,1,1,0,0.6928193497820264,3.0187262948915214,-1.2950870517490085,0.426785,0.421357,1,13762,1,3.4695417523875545,25798.079960989373,1.082978350456227,24.254537019638693,0.1444444431899343,4.411587384514511,0.5402721181477924,0.013005780346820761
441738827,2084.01,CP,1,1,,6.0784031,0.11503127659914844,0,0,5.381555947697009,0,0.9096489241292622,1,1,1,0,1.1135876950235464,0.7269599636740853,1.3139296975437578,0.466766,0.464271,1,15670,0,9.014250938729166,4120.931215525592,2.5339204917985088,4.712816677411443,0.0577304349590086,3.6149953655639027,0.9549296437935839,0.011712567268122809
441462736,197.01,CP,1,1,,14.28117312608152,0.057900381811159064,0,0,6.504034792222498,0,3.86593393746271e-18,0,1,1,0,0.834347752201992,1.7283928568477003,0.22621227686581785,2.90324,1.0,1,18245,1,7.137411128049898,167.72570742107362,8.45915392954063,9.98727079334741,0.011646809257337106,2.224599632286889,0.8535407136409001,0.049382716049382776
198241702,1269.01,CP,1,1,,4.25296414061114,0.2100000494126264,0,1,9.692550808743361,1,0.9234623036561971,1,1,1,0,0.8120152288458581,1.8749566921659537,0.12451354983624893,0.848906,0.969,1,16205,1,4.249245255551817,774.9100248771734,2.0464592535099095,5.989101100175602,0.025034146332947205,2.8892512793220364,0.6283117981779867,0.020066889632107066
237222864,1255.01,CP,1,1,,10.288886,0.3035439395849448,0,0,6.500163800160593,0,0.010741124425730815,1,1,1,0,0.7101593505734914,2.8029563486217235,0.9747694228557598,0.865815,0.86,1,18340,0,3.250141069679926,312.3236052553491,1.737129329434511,6.762223084897541,0.015893134233066288,2.4946048092213156,0.5119022115800871,0.02226992218942853
278348461,1257.01,KP,1,1,,5.4526479,0.5011655829249141,1,1,19.64555476687459,1,0.041023269208442126,1,1,1,0,0.7145580445296679,2.751510819390872,0.018614454326002762,1.56954,1.336,1,13342,1,5.458356021446206,7157.2984507357605,3.2519586819138557,55.28446074242152,0.07608196318466386,3.8547491271490015,0.7370618591292112,0.02482400889218228
15692883,1493.01,CP,1,1,,5.147905,0.09288388227530063,0,1,13.112375721406814,1,0.8268625333555921,1,1,1,0,0.6965606815531085,2.9703449976210323,1.0736533147150014,2.89621,1.13,1,107176,1,5.141123810314326,2024.7517415913353,6.063157675240224,39.44486276514084,0.04046625719055312,3.3063717811968445,0.7110580628222671,0.04913936701832322
29336129,2933.01,FP,0,1,,1.63638219397965,0.042852365061809346,0,1,8.819985086759797,1,0.7933252820250773,1,1,1,0,0.9187646507846305,1.2944072331168508,0.906623983866249,1.6787,1.27,1,17338,1,1.6325670441375584,1724.435606739183,3.0417005307680753,8.577114180932456,0.03734484297664557,3.2366469817361847,0.21287102535361072,0.07763082231167329
141405814,4225.01,FP,0,1,,1.1355457163428109,0.028339422255644793,0,1,15.732322549207197,1,0.11305713528382133,1,1,1,0,1.0,1.0,-1.5402406627897876,7.03693,1.0,1,9478,1,1.1360335126523495,285.0470023892937,3.185140689679482,9.574978335645046,0.015183272479355078,2.4549164782374184,0.05539114312263438,0.11682242990654196
35883621,6094.01,FP,0,1,,3.0519843,0.09884696380708531,0,0,6.802672632322052,0,0.20450703778669604,1,1,1,0,0.47016019894509703,9.65931166493145,1.2633506371050252,2.33186,1.214,1,1085,1,3.0536918356745457,273.3830990397923,2.704376533438716,7.621951938958542,0.014869384027202741,2.4367716623143303,0.4848252079598288,0.03690036900369009
92359850,387.01,FP,0,1,,4.155,0.4431701794810581,0,0,4.89919044126526,0,1.4925777539647138e-19,0,1,1,0,0.7119591139150182,2.781753235998546,-0.2543012379208144,1.56755,1.256,1,14749,0,12.280376366691673,3241.6253639075967,4.3284637660969345,15.800678627243261,0.051202192463411844,3.5107628218051907,1.0892116771856526,0.014686248331108154
103604037,4583.01,FA,0,1,,19.5202385591324,0.19090430956939575,0,0,6.325015238130218,0,0.28505195606352896,1,1,1,0,0.5280920560619856,6.816396736476337,-2.736518707890079,1.0,1.0,1,19578,0,6.494762680397124,1037.8020601864434,1.7870939349882529,4.755035119650064,0.028971061702598788,3.0161145284968116,0.8125632865134366,0.01146496815286624
356867115,1301.01,CP,1,1,,6.09640744087736,0.032327279936352,0,1,7.8775021702896275,1,0.3221528835647163,1,1,1,0,1.3267644630073367,0.42983549108262475,-12.03317992482113,0.731699,0.77,1,949,0,0.9976869849073214,3413.387110673516,1.9196002747583911,10.72820010224435,0.05254119170476823,3.533185544210612,-0.001005693232015495,0.08016877637130804
361998994,3189.01,FP,0,1,,1.84996,0.06692444593009837,0,1,12.542652251896733,1,0.688876544792285,1,1,1,0,0.9417441970531852,1.201945857930149,-1.0981478118985586,1.37347,1.25,1,18333,1,1.8515004791107752,9133.892805583298,2.6742790369961136,14.88294169778663,0.08594786679444402,3.9606559104659853,0.267523828767389,0.06018269747447613
16740101,1150.01,KP,1,1,,1.48109028542409,0.11697396387219035,0,1,21.137168336238194,1,0.0006720418602212419,1,1,1,0,0.8712737869595144,1.517818420739353,34.663844611075675,2.28773,2.431,1,13816,1,1.4793999411196739,7039.161283823647,3.063676784617331,291.2781019956987,0.07545145252606059,3.84752091603038,0.1700855970809079,0.08628714643752251
118798035,7510.01,CP,1,1,,11.531727272140452,0.22804911629877267,0,0,13.050255516517028,1,5.703384732091146e-21,0,1,1,0,1.1294725730246458,0.6967174617006915,-0.5857881254718278,1.079,0.99,1,15291,0,11.008962801896807,5406.9853723907045,4.933830077347153,21.96536438187757,0.06612790197731198,3.7329551946729813,1.0417464042913245,0.018673535093367555
271596418,868.01,FP,0,1,,0.556109,0.07244835116278323,0,0,4.33126557825764,0,0.5761305781496989,1,1,1,0,0.757519600887516,2.309415835266519,0.2338120582198884,1.3689,1.01,1,18235,0,4.066489542890452,293.63327258868924,2.9921383999940327,3.5351159592795227,0.015410253379036388,2.4678052654229847,0.6092196598352785,0.030658491069048166
400466395,6952.01,FP,0,1,,5.1391542,0.4395536489426145,0,0,4.499279727193357,0,0.02845757548317347,1,1,1,0,0.6085972892096476,4.453420692713337,-0.819987858808797,0.996455,1.097,1,3388,1,10.200798852014081,7967.997770655599,2.313024363255634,14.201879052329973,0.08027526516317288,3.9013492039055886,1.0086341838635287,0.00944788898730442
159951311,265.01,KP,1,1,,5.92426613248315,0.3738677416103844,0,1,19.769291095295323,1,0.7248815943406789,1,1,1,0,0.9656802035227967,1.1147661638122406,1.9705892743252775,0.846671,0.87,1,13028,1,5.929858346852044,11461.82959308828,2.8117261462277154,44.408142593398864,0.09627956524315087,4.059253947366227,0.7730443190109263,0.019756838905775065
137402055,4570.01,KP,1,1,,1.9737719355324,0.0697670743991971,0,0,5.536022993397581,0,0.9469006211356364,1,1,1,0,0.8729549757021736,1.509065982722275,1.9077069676021399,0.697971,0.74,1,19572,1,1.9742672900702,28346.83080737854,1.5327475038548062,6.012033415499922,0.15141168850345535,4.4525045115603605,0.2954059501290408,0.03234844625573102
162577466,4067.01,FP,0,1,,3.67723912054782,0.21492299192559455,0,1,13.632793185615629,1,0.5136378612384338,1,1,1,0,1.1782537458518225,0.6137157603279394,-0.8107457552670897,1.11792,1.04,1,12082,1,3.680035188325934,9335.36908120125,3.6405954047742117,15.668940030568715,0.08689061942707918,3.9701314928004097,0.5658519713970821,0.041220115416323144
286099128,3422.01,KP,1,1,,3.77887786423956,0.533455901495247,1,1,19.698624771232392,1,0.21136748134098207,1,1,1,0,0.8797156683868455,1.4745407602644087,-1.5114491380729567,1.02896,1.05,1,15423,1,3.782593801886467,16147.470515846308,2.516851581912851,51.96991030636922,0.11427714898303466,4.208104500224511,0.5777897065925326,0.027724049000644735
366563452,2161.01,FP,0,1,,1.5873866,0.08523832524438027,0,0,5.334716568196598,0,1.0,1,1,1,0,0.7854601497141105,2.0716257256239388,0.44755432889485536,0.808444,0.84,1,14054,0,7.207082511289576,345.5285640316941,2.3578571235816197,4.670363350586905,0.01671664518259069,2.5384839552951006,0.8577594941688679,0.0136315973435861
380619414,5144.01,KP,1,1,,2.65567525096198,0.30257184412555826,0,1,27.287040187458935,1,0.478259532491049,1,1,1,0,0.9694065203460123,1.1019603137423784,0.5320564361498734,1.0,1.0,1,16232,1,2.658327729967397,20157.51327672721,2.4357091515957423,135.1570048495031,0.1276808085130774,4.304436954519138,0.42460852158129136,0.038177339901477814
307210830,175.01,CP,1,1,,3.690675857802184,0.9280506849219085,1,1,22.740628039809433,1,0.523050563972973,1,1,1,0,0.8404631626323156,1.690938117283919,-1.507900964957443,0.31416,0.292836,1,17555,1,3.6915595396429275,1724.8523952101414,1.1145888461879703,22.470690124681564,0.03734935574579837,3.2367519361116015,0.5672098773717446,0.012580374615599688
21744120,2127.01,KP,1,1,,5.50806821746442,0.16349331303865283,0,1,29.08819293828489,1,0.3058382275883691,1,1,1,0,0.9926499568018847,1.0263497467522764,0.4413764626306039,0.740113,0.773,1,11625,1,5.509914848334565,19970.466424665712,2.564479760776296,58.61784189217213,0.12708703600662183,4.300388208250421,0.7411448872031139,0.01939291736930865
374180079,5520.01,KP,1,1,,14.6980800316566,0.6484278314186815,1,0,6.912832757974043,0,2.5798624948314892e-06,0,1,1,0,0.35813249227360816,21.855089458013012,0.6827579930437961,0.733789,0.68,1,81771,0,2.698061671295434,946.863411269927,0.7545926305735234,7.0884620476503395,0.0276726540806001,2.976287334853214,0.4310518723919243,0.011653313911143492
189013222,949.01,FP,0,1,,1.3228701,0.5705065342645784,1,0,8.60379874404835,1,4.6620003733424617e-67,0,1,1,0,1.1525529906891943,0.655693770462217,2.5760560249039433,0.838759,0.898,1,17560,0,7.132426555989711,3429.261471726064,3.498391452952069,16.926033442249885,0.05266322450494704,3.5352006001334737,0.8532373083357571,0.020437127448197423
434234955,944.01,FP,0,1,,6.0588453,0.03815150602625823,0,0,4.869886893188446,0,0.7597962414304791,1,1,1,0,0.8767167806521015,1.4897239710620758,-0.6740574846063984,3.60317,1.54,1,17201,1,6.031552067205688,319.40886964387795,9.031575353099628,3.1382534889167126,0.016072396315561854,2.5043469718647957,0.7804290812098262,0.06239117817759715
9725627,239.01,KP,1,1,,4.15678335726899,0.27985832033377384,0,1,15.680167897717523,1,0.4678746751521688,1,1,1,0,1.0313621608842132,0.915061287017778,2.6837173958650604,1.38831,1.27,1,18282,1,4.157413858316157,3668.3597883520047,3.8561519845251313,33.91900357103939,0.05446821071808476,3.564471924171667,0.6188232593959395,0.03864734299516909
41865539,335.01,FP,0,1,,1.26092,0.22081186475664688,0,0,3.8170094712913167,0,0.12296338790604126,1,1,1,0,0.5240856981849823,6.973918029807016,0.8741400334489494,0.984744,1.2,1,830,0,3.2040236313028996,843.4155960157508,1.2986151268006854,3.0724037579384706,0.026117280931937353,2.9260416275075807,0.5056957105665703,0.016887816646562026
224297258,1279.01,CP,1,1,,9.61416356821561,0.08644457224173292,0,1,7.3607638545985825,1,0.7396970459271046,1,1,1,0,0.9343571985170078,1.2306794704764517,0.1704058977518896,0.840608,0.959,1,12930,1,9.624710997379948,725.0704494228266,3.0728837847963155,6.061961412825735,0.024215712377931627,2.8603802056181133,0.9833876977517058,0.013302926643861568
285666479,1569.01,FP,0,1,,1.71614,0.028445428545868404,0,0,12.272021483891292,1,0.0007328152478705466,0,1,1,0,1.0,1.0,1.3122410686101293,4.40157,1.35,1,19429,1,0.8587875262343952,238.58387931974255,2.4614760874949964,7.037869055981136,0.013890813957426749,2.3776410958347354,-0.06611427225501712,0.1194259354177345
279251651,419.01,FP,0,1,,0.403842579347559,0.054346893317403604,0,0,14.73548935435838,1,0.4404494385127877,1,1,1,1,1.1354688290774422,0.6857378385323919,7.9683764299341,0.555239,0.549943,1,17456,1,0.8072516220049396,600.0529618540585,1.2995776884143515,10.909008031310016,0.02202936297080489,2.778189583760111,-0.09299107368511207,0.06707830479932642
409183335,1667.01,FP,0,1,,3.32125,0.28339861220883267,0,1,10.58727308849936,1,0.01536611472927484,1,1,1,0,0.8860853965833451,1.4429690839417764,-3.240266561389242,1.75529,1.0,1,9974,1,3.3150989150028365,2105.4633642174635,4.20636161519135,46.5950139979598,0.0412649184636402,3.3233476889495295,0.520496491292531,0.05286872934815268
92226327,256.01,KP,1,1,,24.73734116,0.814853851852827,1,1,9.33123639423714,1,0.8194435366830096,1,1,1,0,0.8557788213336283,1.6017663297452782,1.2168014461069019,0.215535,0.184589,1,12711,0,3.777747950696552,3640.9785781656988,0.9151066464420122,12.41142384047724,0.05426455035372088,3.5612181237535543,0.5772329786590676,0.010093167701863248
64531556,4477.01,FP,0,1,,7.8127906,0.12488640787189724,0,1,11.946495845548556,1,0.9606694196113468,1,1,1,0,0.9478427473968484,1.1788943587735832,0.21538785016233938,2.38018,2.1,1,18300,1,7.806314542869466,4559.574806431988,6.33877000807082,22.480884420201956,0.06072525112917912,3.6589243453332805,0.8924460464943422,0.0338335607094134
459952217,4314.01,FA,0,1,,73.5809819958847,0.03494550853201431,0,0,4.795023590307993,0,0.3375479410436871,1,1,0,0,0.30026707461691937,37.08178444689238,-0.6248126723354311,1.76118,1.851,1,17259,0,1.9151040691306487,77.17476496049701,0.9701154668499814,4.044280222805333,0.007900322218859302,1.887475315491164,0.28219237904674804,0.02110667427267543
260128333,1338.01,CP,1,1,,95.174,0.41996336267427553,0,1,7.071376646740975,1,1.0,1,1,1,0,0.8899559055685093,1.4242239860986676,1.6140851359065274,1.51811,1.02,1,14425,0,7.296698757986573,2047.282597636091,4.721686295270479,9.966179306578649,0.04069078275037467,3.3111777948476426,0.8631264169057161,0.026962457337883883
4616072,466.01,KP,1,1,,4.18761538150302,0.6162471258888801,1,1,16.361934868406696,1,0.7301359904920319,1,1,1,0,0.6709350976780251,3.323856227652383,-3.255374123016855,1.23733,1.38,1,14543,1,4.186303535222392,9993.27991732568,2.1797160102039292,21.376196456232513,0.08990030663538999,3.9997080524110737,0.6218307144214399,0.02169491525423728
124095888,2358.01,FP,0,1,,1.1258127,0.048601127109068484,0,1,11.697015428946335,1,0.5018015550198569,1,1,1,0,0.8533341567968604,1.615572211433039,-0.9974314946468753,1.24077,1.29,1,17367,1,1.1237262712146912,662.6429556662039,1.8340760489724968,6.7460791402127045,0.023149783808818658,2.8212795854911867,0.050660534205734464,0.0680057388809181
130191319,3379.01,FP,0,1,,1.6117444,0.06680054183315184,0,1,7.7924967820869915,1,0.9467424209442321,1,1,1,0,0.8300565285289524,1.755337999025632,-1.033637662608055,1.14109,1.128,1,15797,1,1.614356676193061,1087.781240452612,1.9360103948311487,5.943149732708378,0.029660463216478094,3.0365415648320067,0.2079994940720007,0.049968573224387136
117689799,3504.01,FP,0,1,,2.15704617394202,0.4026717602869696,0,1,19.662251580463355,1,0.5193712787724792,1,1,1,0,0.7269603052364453,2.6130737750957684,2.931329646736215,1.04535,1.06,1,15068,1,2.1579244469059637,16639.20947738451,1.7468912189238721,46.52466390087199,0.116004140722798,4.221132689276515,0.3340362351262085,0.033730158730158666
40954422,5150.01,FP,0,1,,1.7578288,0.1347913148571018,0,0,9.692621607909174,1,0.16233543683098473,1,1,1,1,0.7340383729210385,2.5382095388794332,19.29546918358073,2.58839,1.396,1,18766,1,3.5153914433421947,1323.0419938065063,4.688434852380864,19.958578005541717,0.0327110105696998,3.1215736290620297,0.5459736912955836,0.0555703270406806
129979528,1599.01,KP,1,1,,1.21983821253186,0.0421888421950076,0,1,23.823300615765373,1,0.456469883409694,1,1,1,0,1.0082525793770758,0.9794352682998122,11.700343572213333,1.60242,1.653,1,14829,1,1.2204399425954566,13503.19664131383,2.6485623579048534,156.03076806071613,0.10450220229096878,4.130436592150157,0.08651641280594179,0.09042375709042372
159725995,4595.01,KP,1,1,,3.7705864541407,0.09165010221666103,0,0,5.1144513845933615,0,0.7121695970268082,1,1,1,0,0.8032033118209936,1.937346453259176,0.12411689754514078,1.38188,1.07,1,16216,1,3.775258858131625,11263.309458865668,3.0647857888891457,4.568074880563437,0.09544213705097769,4.05166601649644,0.5769467352510083,0.033825338253382575
300013921,793.01,FP,0,1,,54.6616036,0.04696940466099679,0,0,5.714697543928598,0,0.5687884005446057,1,1,1,0,0.7610780123519991,2.277174110784387,0.4109690412846757,0.797594,0.95,1,18244,0,0.6639597207744807,269.4688668377632,0.9770881521394641,4.766114949189497,0.014762552152491823,2.4305085960845103,-0.17785826637893562,0.06131698213809645
437156845,2855.01,FP,0,1,,3.4906402,0.7045554089043001,1,0,5.4949934804646,0,0.07780221518548963,1,1,1,0,0.44105171536324883,11.700790866000373,-0.5027725330097165,1.18344,1.13,1,845,0,5.714604798289011,11330.508292268338,1.6250061037788748,11.070504177704231,0.09572642572128146,4.0542493929680585,0.7569862015104817,0.011848341232227555
190998418,1463.01,KP,1,1,,2.87910228613891,0.5465631157680051,1,1,18.626493269760434,1,0.92012045338264,1,1,1,0,0.7803876576141786,2.1122853514845152,0.9967170783564467,1.1146,0.99,1,12697,1,2.8766334193481793,10404.191389844053,2.251278328185526,43.16328762394113,0.09172998302919486,4.017208332642314,0.45888452157130666,0.032608695652173836
468977648,3001.01,FP,0,1,,2.090218,0.0694221340159085,0,1,13.836341522741224,1,0.7747862851767284,1,1,1,0,1.4254616735537948,0.3465908784713952,-0.4962583976757521,1.0,1.0,1,16876,1,2.0910872115663186,8269.189187793847,3.306203473058477,21.851251443653727,0.08177840030000753,3.917462928109977,0.3203721460229207,0.06587887740029547
445805961,1710.01,CP,1,1,,24.2833782,0.9286933764069175,1,0,5.337548607679784,0,1.0,1,1,1,0,0.9298421144376605,1.2486942918713435,-1.5219103361242399,0.976913,1.01,1,16665,0,9.171682903737294,980.6901014363101,3.4373543469516155,17.9843125994548,0.028162619188147536,2.991531791784905,0.9624490312805676,0.015615792575132514
365952328,6768.01,FP,0,1,,4.8741147,0.044217082659760536,0,0,7.81525822520924,1,0.00021579338504106236,0,1,1,0,0.7771727055438092,2.1386077902753553,0.3207747831775891,2.11371,1.14,1,15522,1,2.4383404404517233,1181.2659385472823,3.8389231894471894,7.546879536313784,0.03090871766670553,3.0723476813915505,0.38709434159722456,0.06559999999999994
232038798,1909.01,KP,1,1,,4.1536624,0.6781386137677899,1,1,14.350525059089355,1,0.40601130137231106,1,1,1,0,0.8392233992473674,1.698443132974205,-0.22122239747323907,1.08827,1.15,1,104227,1,4.152251842251929,4587.920581260562,2.541320898295154,26.794047350311452,0.06091371577973617,3.661615891483192,0.6182836864548983,0.02550143266475635
321068176,2409.01,FA,0,1,,12.9696927164963,0.8286658626538715,1,0,8.449149118278697,1,1.6373179770249382e-09,0,1,1,0,0.4876800721630564,8.65523242527956,0.6081649875322429,0.972753,0.83,1,16816,1,6.494212884916009,1383.869969714735,1.708193436553734,9.916910283782654,0.03345451894747243,3.1410952851436047,0.812526521005246,0.010959715639810406
115564354,5418.01,FP,0,1,,1.6421819,0.07047836796445249,0,1,11.945224548829636,1,0.6822266983171269,1,1,1,0,1.0879270889511887,0.7796225488083177,0.15371593164200148,0.792405,0.997,1,16709,1,1.6407948115767068,1176.6474977843445,1.8460778889283493,8.20370629413574,0.030848235992242547,3.070646375590856,0.21505427406242553,0.04687966557181256
296898634,5940.01,FP,0,1,,2.8534013,0.11173799611122795,0,0,9.47685468310084,1,0.40104079355989214,1,0,1,0,1.5624988622847396,0.2631628821854621,-1.010200679809986,0.517727,0.5153,1,19441,1,2.846289088900258,11158.955671489612,2.59364259717129,7.679416556874631,0.09499897578035893,4.047623552367545,0.4542790079542019,0.037968188814776704
9837861,1679.01,FP,0,1,,0.6565741,0.03887692680002195,0,0,5.16560672626116,0,0.6432260375048359,1,1,1,0,0.6438596283903135,3.7610592899953255,-0.5764616058801662,2.67566,1.0,1,7201,0,3.3134220747104486,200.15408584517223,4.658338305284646,4.407563738494256,0.012722995595663903,2.301364460001457,0.5202767612795516,0.058579144162858254
74197917,4261.01,FP,0,1,,1.5040804,0.04980923606320983,0,0,12.428655130965293,1,0.07298204850520311,1,1,1,1,1.4268692646411467,0.3455661655527826,5.184073126028466,1.0,1.0,1,16386,1,1.5048265865788777,10320.456131636236,2.9657166304839233,19.643446191248277,0.09136010560666404,4.0136988921627985,0.17748645552378206,0.08211678832116798
258557847,5742.01,FP,0,1,,3.965824,0.037167626474301885,0,0,3.5354232644855306,0,0.052004167411411895,1,1,1,1,1.0808190643272295,0.795105530056832,9.706320922409873,2.80134,1.19,1,11954,0,3.3087137834557256,433.6406359030098,7.7221734044592685,7.80902784895784,0.0187271691476998,2.637129972611362,0.519659200631607,0.09724540901502499
144138509,729.01,FA,0,1,,0.0,0.12368924144415752,0,0,5.8190039597480325,0,0.0550682117729473,1,1,1,0,0.8784257464830154,1.481046159890617,0.08773469881819883,1.23299,1.12,1,15935,,10.396032344163139,613.1393549428932,4.128552338987051,5.0117337583595045,0.022268283573505725,2.7875591926335153,1.0168676220092099,0.016546987199500485
327011842,1576.01,FP,0,1,,0.783879044456585,0.028575783897506115,0,1,13.442551289397764,1,0.16660637942426176,1,1,1,0,1.0,1.0,0.7833462914554552,5.38747,1.0,1,19198,1,0.7840075050567684,231.67212841956885,2.2354891039128404,8.033872740637007,0.01368812747819534,2.3648737886381617,-0.10567977993145414,0.11880674448767836
30499203,4294.01,FP,0,1,,2.4330551,0.02788961128858419,0,1,18.950638365507928,1,1.0,1,1,1,0,0.6835946471717449,3.1425905736551263,-1.1490684707674903,1.0,1.0,1,14081,0,12.11547036848923,123133.60521363115,2.8477076207151706,40.59219176736353,0.3155698072004421,5.090376595312411,1.0833402797590266,0.009793634137810314
256722647,4329.01,CP,1,1,,2.92246609239435,0.035966573975235706,0,1,7.749589945978969,1,0.7867372938742851,1,1,1,0,0.7910789818086003,2.0277958312246267,-0.8112773990265856,2.74429,0.97,1,14920,1,2.9318961999223725,2769.7003056950107,5.693230735255472,20.268655192896016,0.04732858673392688,3.442432778947345,0.4671485905942875,0.08090939485122023
52640302,473.01,KP,1,1,,1.57328484098308,0.43226318527878876,0,1,17.383924222674107,1,0.5382370088406441,1,1,1,0,0.945385017333908,1.1881126444483425,-0.6743389742874695,1.09539,1.0,1,14595,1,1.5743713048944876,14780.32390844819,2.1850591259002266,55.469939135650584,0.10933246069195311,4.169683951657608,0.19710716553877117,0.05782888062225222
402848417,7146.01,FP,0,1,,28.4664618,0.14368103166488258,0,0,5.495788943041507,0,0.005025043257719692,0,1,1,0,0.8177304193874796,1.8359180954948378,0.652241159475344,1.53909,1.07,1,1099,0,7.78253295331915,1744.664504805482,4.422860257624009,7.648162196151841,0.03756324557677935,3.2417119254384423,0.8911209682770543,0.023679417122040136
139118482,3914.01,FP,0,1,,6.7136512,0.4130426410988168,0,1,18.39663934715875,1,1.0,1,1,1,0,0.8276678607898706,1.7705797352850865,0.988335249847481,1.15409,1.18,1,13293,1,6.725552310074005,9231.459861175128,3.094765423883677,38.750022723361035,0.08640568941178228,3.9652703856975244,0.8277279549001954,0.019172932330827064
400323948,1959.01,FP,0,1,,3.22428082457996,0.03503039330781284,0,0,5.158749146365771,0,0.18173624085194234,1,1,1,0,0.8806610782061276,1.4697969967072575,0.8865647357864301,2.62415,1.0,1,16522,1,3.2293178287331434,305.38539594981984,6.195614295850013,4.76295351288328,0.01571561131405383,2.484848264514581,0.509110790285749,0.0799396681749623
34466256,2732.01,FP,0,1,,0.7029205,0.04264800805255294,0,0,11.225838070614074,1,0.041473633698567595,1,1,1,1,0.771047586358987,2.1899803471945085,10.43383582320289,1.60071,1.42,1,969,1,1.4062022116296096,1499.4885591618213,2.231329129197395,11.319921764079092,0.034824005688922736,3.1759431565164564,0.1480477766442651,0.06611570247933879
299799658,1062.01,CP,1,1,,4.1150576,0.08341421108442634,0,1,9.279179006921522,1,0.01838751717586008,1,1,1,0,0.7560284299548733,2.3231079019614476,0.19205636911202323,0.887336,0.89,1,18226,1,4.114214798499853,280.634248150613,2.0269445341582784,4.54839153786579,0.015065289515698271,2.4481406705241424,0.6142869619741627,0.020527859237536583
245947683,950.01,FA,0,1,,1.14288,0.05822864797446761,0,0,4.296665265237253,0,0.0011092934855593227,0,1,0,0,0.28454204816112605,43.57570314790772,-0.9181257627435331,1.51101,1.424,1,15598,0,1.4075040836759656,337.8190718371643,0.7768019982727765,3.50846004363113,0.016529100833024966,2.5286841643582285,0.14844966356982428,0.022995847971893912
349786918,2246.01,FP,0,1,,2.966338873534049,0.11346427440456937,0,0,5.877330626103945,0,0.16709549766798423,1,1,1,0,0.6721034942081674,3.306551594922567,-0.41363487439715363,1.59305,1.12,1,14326,0,8.862257511048174,491.7413798486425,3.869822023361907,5.042575508495825,0.019942312828571052,2.6917367555421,0.9475443651948516,0.018194301407483626
425817867,6681.01,KP,1,1,,3.77834011974399,0.06301433255113105,0,1,27.623514582449147,1,0.5940460018430275,1,1,1,0,1.0066054041362258,0.9842512853100597,-2.237596669058238,0.863922,0.95,1,13045,1,3.7807809723922645,23365.474179658617,2.499595571181599,69.190893812187,0.1374657311579832,4.368574599035468,0.5775815186117604,0.027547169811320715
255760319,814.01,FP,0,1,,7.21048,0.05245502432875121,0,1,8.906869045293009,1,0.08278007513882703,1,1,1,0,0.7936044707892908,2.008498197299053,0.9280821708275524,2.05071,1.16,1,14597,1,3.60207752949042,294.310176367607,4.30648919042409,9.43832298838536,0.015428005546320697,2.4688052789663777,0.5565530561424584,0.049814877145742176
269701147,1339.01,CP,1,1,,8.8803281,0.924622762828381,1,1,10.366486701947844,1,1.0,1,1,1,0,0.628499135900398,4.043614160732209,1.9907897261095924,0.920435,0.95,1,13266,1,8.870924771601368,959.9199923330249,2.2095112848465965,15.12302940038231,0.027862794077395284,2.98223503685594,0.9479688962994449,0.010378057820607856
274599700,2317.01,FP,0,1,,0.0,0.11225875925139531,0,0,4.970092449955265,0,0.010408066570994792,1,1,1,0,0.6085364064084468,4.4547574928689855,-1.1163204256393682,1.43565,1.0,1,16008,,6.271509037414942,767.894416654813,2.922194657803203,4.07719600107163,0.024920565994165943,2.8853015098538193,0.7973720524366966,0.019414483821263484
83181153,6984.01,KP,1,1,,0.0,0.1311810237108869,0,0,5.380148054064358,0,0.3894522949206844,1,1,0,0,0.2339017842289589,78.44823186975948,0.14052858075298025,0.515263,0.512936,1,15513,,1.5033237827077643,1637.8512253756305,0.3128303825287862,3.335510196162703,0.03639522191885277,3.21427444996845,0.17705252809145192,0.008670520231213952
444415148,1585.01,FP,0,1,,1.83641,0.028562211628298622,0,0,6.44772357840505,0,0.019210293232630238,1,1,1,0,0.4579194023929437,10.454821628438994,-0.6315419284291488,5.02905,1.0,1,12644,1,1.8404766719029106,203.67563316125992,5.11880307329402,8.179856958932955,0.012834432917708867,2.3089390750649876,0.26493031712197046,0.11588490342924708
48103627,657.01,CP,1,1,,4.56966980334873,0.5004480938612321,1,1,15.975745978290878,1,0.8673271518630339,1,1,1,0,0.7746228396588464,2.159796682156723,0.07933853255459826,1.28306,1.11,1,15114,1,4.565681191329806,8276.576279260928,2.8883386778758506,25.621595590082087,0.08181491957981915,3.9178507219876333,0.659505582651334,0.026359143327841783
137685450,7068.01,KP,1,1,,0.0,0.11677134499021756,0,0,4.301570642505953,0,0.9084952132504595,1,1,1,0,0.8218403517331556,1.8085119410749384,-0.5038342926034822,1.36797,1.182,1,19571,,8.984348288994365,774.068632206526,4.0093169134789,4.102042489681643,0.025020551678510763,2.8887794687799815,0.9534865795241533,0.01859398879266433
20892672,378.01,FP,0,1,,3.10926,0.42435651935283397,0,1,16.16773838320425,1,0.2573809710848236,1,1,1,0,0.9412906219761861,1.2036842225144686,3.7312875097908944,1.0,1.0,1,1228,1,3.106238301703981,5811.098582725438,2.4910664131024545,24.918710606178532,0.06855454746972806,3.7642582431156804,0.49223477049914566,0.0334148329258353
439842788,4521.01,KP,1,1,,3.07171816382087,0.6111674601291501,1,1,16.52949304266397,1,0.5728891078916719,1,1,1,0,0.6478169595750763,3.6925537277840106,-0.8011684760290874,0.848394,0.851,1,9395,1,3.0711996518925373,8171.741364523366,1.5290653586018217,45.2119428959717,0.0812951156500701,3.9123146127648845,0.48730804988391263,0.0207446808510639
441765914,2088.01,CP,1,1,,124.729870031257,0.04761487574571752,0,0,5.08597747178196,0,0.07204785461005093,1,1,0,0,0.1719423339537679,197.4855440830935,0.8172470154641802,0.831423,0.802,1,18359,0,0.5202416190929101,241.34216755744563,0.22445627139828267,2.9817909943315284,0.0139708796434614,2.382633208927333,-0.28379490738931984,0.017976925140863964
272366748,5824.01,KP,1,1,,3.85558968989324,0.09143078841089611,0,1,8.433732454282536,1,0.14363482815216028,1,1,1,0,1.1075342699906892,0.7389452191092806,-1.9017418886288893,1.05268,1.03,1,18299,1,3.8575872623344574,12516.755495047937,3.283948774483899,5.465137484622846,0.10061275270372051,4.097491768714181,0.5863157590052287,0.03547066848567526
341186896,999.01,FP,0,1,,1.5078959,0.055839927153848175,0,1,12.228967933921089,1,0.8092909757602164,1,1,1,0,1.035614302234468,0.9038360196201856,0.31739966308864487,1.30367,1.39,1,10533,1,1.507581338028989,677.3587436954554,2.5159635575053314,14.104509770353783,0.023405424242335354,2.8308187412737,0.17828075278844896,0.06953642384105957
67926921,1712.01,FP,0,1,,3.566276,0.06446726676768015,0,1,10.342696729004215,1,0.18220868396527326,1,1,1,0,0.6934768201757433,3.010148464907448,1.4607065659081724,3.1703,1.48,1,16549,1,3.5677589286275015,1684.446566222797,5.346795281273437,45.73370724632457,0.03690929639579556,3.2264572389071353,0.5523955016727335,0.062443438914027205
360286627,1042.01,FP,0,1,,0.7580819680137397,0.04913091708426606,0,0,6.8556573764488675,0,1.0,1,1,1,0,1.1211746213930722,0.7123017112032406,1.7144791062753542,3.50866,2.54,1,94675,0,12.08337349810357,1417.8480196899156,12.00003988777183,5.401343687183227,0.033862731518946004,3.151629680954647,1.0821881997715506,0.04137931034482761
380255458,7512.01,KP,1,1,,6.56920797691,0.37605926905304093,0,0,18.668183585217424,1,3.8939549725700245e-07,0,1,1,0,0.9653230823229355,1.1160038445482263,-1.6306032488446973,1.01702,1.018,1,15666,1,6.566757926623024,9543.125908382799,3.314768819557334,33.19415244368356,0.08785216604275951,3.9796906537814585,0.817351006988133,0.021032504780114814
55390413,6994.01,FP,0,1,,1.8819016,0.08132394789147317,0,1,10.549882604899999,1,0.6519441306879499,1,1,1,0,0.7878848690439128,2.0525582132932207,-0.4076988355299291,0.952554,0.75,1,1147,1,1.8779592721462892,2995.4642438524415,1.8484625296518447,7.175892325247192,0.04921972884134635,3.4764641398869047,0.2736861693603764,0.04101221640488656
129991079,1602.01,FA,0,1,,6.15952,0.046473985493764886,0,0,6.834943597910357,0,0.5171199631278551,1,1,1,0,1.3697102022584826,0.39065887199877103,-6.093278506742023,1.08784,1.179,1,18785,0,2.0209502507280206,923.696857127232,3.2343794660960663,12.985668661628718,0.027332029438035674,2.9655294659411213,0.3055556227185548,0.06668437832093516
256414077,1566.01,FP,0,1,,3.01106,0.28193713178851676,0,1,11.437282435645917,1,0.10901042187813922,1,1,1,0,0.7632456733160187,2.2578272505907218,-0.04212391721433491,1.81303,1.441,1,1037,1,3.011154372616255,1975.2748516660424,3.2087977098150073,15.821781676744815,0.03996878202153415,3.2956275345228976,0.4787330210248213,0.04440154440154443
176984236,405.01,FP,0,1,,1.7560902,0.19338079670660357,0,0,15.280141038378169,1,0.010581588008527905,1,1,1,1,0.7691124698563683,2.2065521966534605,6.926418469564561,1.29372,1.0,1,14428,1,1.7571302784164575,1547.8390566272537,2.1777839018403706,20.54466142706511,0.03538099542193932,3.18972580101582,0.24480396246277306,0.05164158686730508
233390838,1341.01,FP,0,1,,6.4474918,0.6395573600544638,1,1,16.618758387694367,1,0.3492572347954816,1,1,1,0,0.531252177704391,6.695478095985056,3.3420766829578445,1.69034,1.407,1,13220,1,6.439252845802503,6257.9884466801295,2.704198514544025,62.689562292309574,0.07114174693000275,3.796434757028823,0.8088354785757184,0.017498138495904758
244089109,7061.01,KP,1,1,,2.1376682,0.5531357329561069,1,1,18.6614581646387,1,0.0797698615435754,1,1,1,0,0.7017817004528366,2.904541896006695,3.717147683889865,1.59624,1.044,1,88362,1,2.1356811588925293,5345.839097741001,2.5792623519755793,195.37195880531513,0.06575292670518959,3.7280158829624512,0.32953641630155733,0.05032083755488015
301289516,4517.01,KP,1,1,,1.2089755,0.35794158263858405,0,1,18.75817042475532,1,0.6208998432872914,1,1,1,0,0.8143612062657979,1.8587994383149924,-0.9280884962446507,0.634163,0.66,1,69459,1,1.20810820499325,603.118018953297,1.1458345861791672,15.742506165530674,0.022085554053011186,2.78040230379028,0.08210583389351393,0.03951890034364269
388076005,1622.01,FP,0,1,,1.7126115,0.05471476332514204,0,0,10.33358212572547,1,0.5070474041584724,1,1,1,1,1.2993661000344099,0.4576033209166487,4.386248789572886,1.00137,1.107,1,15241,1,1.7142317575460089,505.21274772596934,2.7303399958324244,15.078581117771066,0.0202136293060741,2.703474300310051,0.23406953650156015,0.06636451926189701
28230919,1144.01,KP,1,1,,4.8878037,0.7743799413531993,1,1,27.809328094691644,1,0.9706134323074627,1,1,1,0,0.8385555994165631,1.7025041285788087,0.9448511763873977,0.759854,0.77,1,18383,1,4.88631540999008,3595.1399371090265,2.1396476386111614,59.16051784431284,0.05392188260935374,3.555715799512077,0.6889814971026453,0.01824523745639922
393831507,1820.01,CP,1,1,,4.860673,0.5818503862864223,1,1,14.788627924363233,1,0.7099759099458791,1,1,1,0,0.7098939856586008,2.8061008365208093,-0.2409282998856904,1.40032,1.036,1,13487,1,4.8516601937118375,4279.1087092334255,3.016576286245707,40.875453587885545,0.058827962471876695,3.631353319720788,0.6858903756315108,0.025906735751295377
361343239,2977.01,CP,1,1,,2.3505698,0.3658908633288516,0,1,20.82798382941184,1,0.5238251220032331,1,1,1,0,1.0553811489943943,0.8539958606777678,1.0408680028331645,1.0,1.0,1,18350,1,2.349891143119317,11839.51115921278,2.544926427358874,62.82408213016836,0.0978529746610359,4.073333771201158,0.3710477443833994,0.04512489927477842
198616607,4116.01,FP,0,1,,3.6311186,0.13362046706739922,0,1,7.442359687500069,1,0.13015953896093393,1,1,1,0,0.6387956828745216,3.8512157258300395,1.143112638080586,1.62796,1.0,1,10923,1,3.6277748389495765,2608.4025448934735,2.898249666137551,9.137716694832752,0.045929789441958,3.4163746152559606,0.5596403243538048,0.03328773369813037
65347776,2418.01,FP,0,1,,25.86696,0.4619565191810618,0,0,5.919083415307179,0,1.0,1,1,1,0,0.7307582478131818,2.5725426651806327,-0.06907497364036251,0.802384,0.855,1,905,0,12.11788147274531,1310.3632194578774,2.573709339344141,7.344680156769949,0.032553897673497686,3.11739169438989,1.0834267002661049,0.008849557522123908
81231810,2838.01,FP,0,1,,5.4521068,0.34692655688314006,0,1,12.591187744161626,1,0.012247997206202618,1,1,1,0,0.6730152701542459,3.293131015322385,1.5927449550444248,1.64233,1.06,1,14752,1,5.457345293056651,7025.291819239943,3.461735254478227,13.93737808155803,0.07537708377756666,3.8466643688409454,0.7369814330070786,0.026430244228839102
113919944,5353.01,FP,0,1,,1.2297408,0.04482736723920059,0,1,13.382486372345296,1,0.049545699075144646,1,1,1,0,0.7873629184861585,2.0566429024513218,-0.1141279207788564,1.44967,1.18,1,15426,1,1.2288771819357727,2198.3034646005926,2.0984707375876086,12.797762142796172,0.042164889742482774,3.3420876443679064,0.08950848022336874,0.0711513583441139
256621916,1342.01,FP,0,1,,1.4136455,0.1800939295287724,0,1,18.163436201282256,1,0.29006692017604285,1,1,1,0,0.7912908971906832,2.0261670772859555,0.01741094118505402,1.0,1.0,1,18290,1,1.4136746306393153,1621.5563940792376,1.6107790607229946,23.92056482971519,0.03621372300263511,3.209932057055577,0.1503494643561516,0.047476125511596134
46772529,6486.01,FP,0,1,,10.6332248,0.03672012699731578,0,1,23.42314857314026,1,0.3444924958002357,1,1,1,0,1.0298554818232302,0.919083370891165,1.1526559672726702,0.806132,0.746,1,19199,1,10.631472091933126,30057.521939444,3.6507656507158472,42.03120907625048,0.15591350444565516,4.477953172778252,1.0265934034827882,0.014308012486992705
292152376,6031.01,KP,1,1,,2.14999072037241,0.1732184098748516,0,1,33.936773070321784,1,0.26985312010525786,1,1,1,0,1.0661887736575402,0.8282881488483238,0.4767033611760068,1.26304,1.255,1,116961,1,2.1509112064118963,25202.482267165928,2.9229907862692084,337.95912475081866,0.14276731955727978,4.40144331783875,0.3326224822790024,0.0566231104278761
443042089,3078.01,FP,0,1,,0.5496848,0.04268880450843476,0,1,8.026617220215732,1,0.46862133298374586,1,1,1,0,0.7771306303990021,2.1389551724302365,-1.8825042232131435,1.84318,1.7,1,18332,0,1.648324913143546,2082.3093202393393,2.5714399934294168,6.226847126689821,0.04103739346917109,3.31854524299152,0.2170428226990961,0.06500134300295463
59843967,474.01,KP,1,1,,2.51672571567235,0.34237557541062513,0,1,16.88950305285455,1,0.30591668717513476,1,1,1,0,0.9462162735303544,1.1849841040355917,0.37364461660834597,0.982638,0.91,1,14596,1,2.514337889980179,15057.626029221561,2.3664356611578174,48.738925517129275,0.11035331916681498,4.177756506812994,0.40042364005373404,0.03921568627450983
250484865,895.01,FP,0,1,,0.76189,0.031527066087123995,0,1,12.119694141069118,1,0.477433472401645,1,1,1,0,1.1815737943029652,0.6085569302041625,-1.6377059572966657,1.10964,1.11,1,17427,1,0.7607743277719966,183.6824886580768,2.0967045047186983,10.985737308954283,0.01218824075501545,2.264067754881361,-0.11874415103262179,0.11483390607101945
147660201,670.01,FP,0,1,,0.579398,0.058750387780372025,0,0,10.959754812780966,1,0.6675539313240033,1,1,1,1,0.8043503275769386,1.929070210334454,7.054881602171597,1.04099,0.88,1,15631,1,1.1577230449939229,674.2442408698146,1.6641116212209557,7.140059051469884,0.02335155304906855,2.8288172455674325,0.06360467820259537,0.059891685250079645
287256467,2141.01,CP,1,1,,18.2616878,0.24826362132280688,0,0,5.662928696036352,0,8.779102446441712e-08,0,1,1,0,1.1066850375223232,0.7406476491348749,2.4787553589936837,0.941409,1.01,1,17139,1,8.932587649163395,484.83572363144935,3.907848085763294,7.9316913811003715,0.019801790108142613,2.685594611992442,0.9509772863199015,0.018228424950156585
173860688,3388.01,FP,0,1,,0.845657,0.02830963417326611,0,1,14.937557233854545,1,0.21126006514638287,1,1,1,0,1.0,1.0,0.2921994615274623,4.51557,1.0,1,9382,1,0.845970794727994,295.3280716265771,2.355311398063612,6.334219043536419,0.015454662012738882,2.470304729637255,-0.07264462975933385,0.11600633914421549
360742636,1076.01,KP,1,1,,2.54956107674285,0.5709879563846686,1,1,31.475798727476807,1,0.24419196680916772,1,1,1,0,1.0115751616679736,0.9698158827115257,-0.3021616043671416,1.03997,1.01,1,19110,1,2.548510914689107,14585.103305180925,2.597709967096227,136.82821167794503,0.10860802133390089,4.163909509543534,0.4062864979126022,0.042471042471042386
233602827,1749.01,CP,1,1,,4.48913668477699,0.13797485663228407,0,0,5.539819374455991,0,0.001634185578953272,0,0,1,0,1.5160675086557496,0.288089972779906,0.16555966908681752,0.561356,0.555356,1,882,0,10.926461819901183,12145.742901266243,4.167186346750039,8.555263186550201,0.09911039083466008,4.0844240838223485,1.0384795525391788,0.015891032917139558
75417968,7335.01,FP,0,1,,3.3815776,0.4214459750972948,0,1,17.70044091561307,1,0.7784004292933548,1,1,1,0,0.8023337790126873,1.9436521056586569,1.3043060318261805,1.78188,1.41,1,3698,1,3.38110422749923,11570.246443961207,3.4708032568156693,68.72582738872809,0.09673384522261909,4.063342609436848,0.5290585587368084,0.04277206280454793
177722855,971.01,FP,0,1,,2.3960724,0.04006544204883873,0,1,10.0177383947357,1,0.21511900638636505,1,1,1,0,1.3371185570042436,0.41992720867594874,2.515706177705044,1.37031,1.026,1,17437,1,2.3926364225315995,618.3494339491169,4.407055403700813,11.225221544959215,0.022362694486719358,2.7912339675616797,0.3788767096102481,0.07674684994272618
268405086,5574.01,FP,0,1,,6.8242909,0.20218074058275265,0,0,5.251772701014844,0,0.5244920522116664,1,1,1,0,0.7453661887668943,2.424234894817932,-1.5305814584732462,0.871389,0.624,1,14391,0,2.668664040676901,667.1910979848539,1.9122067662777482,4.696526344486856,0.023229093837152808,2.824250243082549,0.42629390369990133,0.029855868222374685
17409453,5080.01,KP,1,1,,9.72665,0.097001319648059,0,0,6.328579459862847,0,0.541888468419558,1,1,1,0,0.6368890526522545,3.885907081523696,0.152948202844183,1.45288,0.99,1,15552,1,9.739818084547645,1603.907035590657,3.5962405235252586,4.556964926026602,0.0360161049397897,3.205179192439398,0.9885508454191768,0.015384615384615274
77156657,1903.01,KP,1,1,,3.8404319,0.08550078583359345,0,1,11.066522703143931,1,0.05983871244367937,1,1,1,0,0.8276693451465161,1.770570209136396,-0.24632262180845127,2.03885,1.1,1,100163,1,3.8340394276926153,3547.803449975517,4.640663658227778,25.27970437504047,0.05356571702280946,3.5499595517021025,0.5836565746717497,0.05043270665473004
425206121,508.01,KP,1,1,,4.6117328,0.35173065831125794,0,1,21.222426439980545,1,0.2145244387846854,1,1,1,0,0.8471268301927891,1.6513474219470046,0.964098896853312,1.67335,1.7,1,15977,1,4.605056059331071,9695.426271824736,3.584103499872263,68.39756900035239,0.08855041500376075,3.986566908147218,0.6632349214188512,0.03242906142812596
119585136,5634.01,CP,1,1,,2.2054776,0.028123603651086928,0,0,12.62933119607391,1,4.713046990651149e-05,0,1,1,0,1.1063095421645857,0.7414020604853787,0.038881094559571165,0.526485,0.523612,1,2887,0,7.533386512909721,236848.4503452577,2.5694462144551866,15.997021119000175,0.4376656077609105,5.374470547566381,0.8769902502040735,0.014211438474870108
192826603,551.01,KP,1,1,,2.64730512494267,0.6467568744180875,1,1,17.841745086876962,1,0.9391005509660423,1,1,1,0,0.8059007356488354,1.9179580631433788,1.5899439672493731,0.567866,0.561044,1,17148,1,2.6469700412112425,11899.424285388815,1.3921780147546974,15.60218746552913,0.09810025173672188,4.07552594998689,0.42274902592157054,0.021914648212225996
53189332,660.01,KP,1,1,,9.28970063288851,0.5342771435207457,1,1,15.747575581206892,1,0.035279974966161205,1,1,1,0,0.9685530507209261,1.1048759577722225,1.6015910167793665,1.41549,1.24,1,15767,1,9.299801432259198,3911.407749460083,4.867405553672954,26.840207633236883,0.05624367535444178,3.592333091868791,0.9684736756727775,0.02180783817951959
257605131,451.01,CP,1,1,,16.3648730373237,0.485291503119814,0,0,4.648400376337403,0,0.1594921023677472,1,1,1,0,0.7059434754919043,2.8534743787656045,0.41940639674107766,0.856226,0.96,1,14778,0,7.568962797715334,950.9725685495906,2.182043329071078,7.379163526623506,0.027732635374491214,2.9781679895984383,0.8790363706373361,0.012012012012011963
70513361,262.01,CP,1,1,,11.1452784382067,0.04886071589153351,0,0,5.912422563072235,0,0.960153576491224,1,1,1,0,0.7025750254267681,2.894713857831161,-0.2800558453774538,0.848675,0.91,1,12985,0,3.71759569073047,160.00405541116703,1.7288514914339248,5.359980097281938,0.011375556241950602,2.204130990283247,0.5702621560564957,0.01937689969604861
143350972,440.01,FP,0,1,,1.0817,0.1385219299734007,0,1,17.6112387594813,1,0.8023640464448558,1,1,1,0,0.8926266412184263,1.4114783781990983,0.9914603372654559,1.01482,1.03,1,17228,1,1.0814276415529143,237.3186693782614,1.6699197210139367,17.098558310117433,0.013853933515780596,2.3753319046270773,0.03399746605381029,0.06434086359736918
399402994,5802.01,KP,1,1,,2.71612982158826,0.22579850186044131,0,0,17.55376240176149,1,0.0005890166300117956,0,1,1,0,0.938776080353572,1.2133824728106548,-0.6982828171104802,1.18678,1.093,1,8929,1,2.7133874982387067,12059.732056912464,2.7361890738541557,41.39345600912545,0.09875883910328206,4.08133765875794,0.4335118196847939,0.04201680672268904
158002130,1180.01,CP,1,1,,9.6867516,0.3088289380851033,0,1,12.418883329828741,1,0.7407852163466923,1,1,1,0,1.067998174556912,0.8240854235439403,0.0991015362375679,0.727165,0.75,1,18374,1,9.677945449048108,1028.3068724105115,3.303904082444779,8.7529991448239,0.02883822433961566,3.0121227383037734,0.9857831698242524,0.014224369296833128
368805700,5674.01,KP,1,1,,3.57718908979436,0.5938798482462734,1,0,17.450986635258,1,0.0025784144423409094,0,1,1,0,0.8915499754455116,1.4165982025579877,1.831626025905457,1.06358,1.056,1,8134,1,3.5750936039263252,13827.874057729672,2.582500048045069,35.99519361766752,0.10575109051063668,4.140755415397262,0.5532874170843741,0.03009828009828019
161477033,553.01,FA,0,1,,14.058151,0.11253581353392368,0,0,5.897050813878673,0,0.7560114480434007,1,1,1,0,0.4451735991912939,11.378776342606104,-0.43907347368685107,0.879477,0.91,1,14709,0,3.199979134570743,338.9561836146804,1.0798724364403418,3.683300503421603,0.01655689625196621,2.5301435611994005,0.5051471465166771,0.01406093069969866
164786087,4440.01,KP,1,1,,4.08228938921105,0.1988011769289184,0,1,14.15200349523809,1,0.8696426563480398,1,1,1,0,1.0499101282048382,0.8674159182231324,2.1198743531929183,1.0,1.0,1,19564,1,4.080111189658116,13022.869413702343,3.042935701303862,9.640243996273382,0.10262672964842916,4.1147066857098,0.6106719984812968,0.031074885379521133
355703913,111.01,KP,1,1,,2.10615687963452,0.24147233554361897,0,1,16.25749492496946,1,0.5581619231379504,1,1,1,0,0.7997520111557002,1.962536491977107,-0.8999302020735093,0.940697,0.95,1,18251,1,2.105310830905586,5406.10124735319,1.7790410008826112,15.446423676058638,0.06612249529318212,3.732884175057683,0.32331622472342103,0.035209389170445526
152852327,2643.01,KP,1,1,,9.1720535,0.027829474672214888,0,0,4.69090857697386,0,0.18959174210192836,1,1,1,0,0.3945530914459799,16.344340896416213,0.46020911194840636,3.78864,1.0,1,92963,0,1.0178566535774223,264.75037937112586,2.727308806898429,4.6107285814010845,0.014632732804107306,2.4228365910974397,0.007686619902678801,0.11164427383237363
252537013,6895.01,FP,0,1,,7.0469712,0.050908733349834784,0,0,6.9985089283138455,0,0.19330362414437233,1,1,1,0,0.8401767736328508,1.6926678645708544,-0.13567505423252124,1.2,1.0,1,11753,0,1.8105054889630898,395.36093290293286,2.2287867486006014,3.7804684771162185,0.017881503138305988,2.5969937528306617,0.25779984581846416,0.05129292072912256
48451130,4571.01,KP,1,1,,30.3599811785999,0.13137377196007818,0,0,5.105633696029535,0,0.00046723262628764315,0,1,1,0,0.7836115834272083,2.0863214447884095,-0.12790165229863695,0.795118,0.78,1,19569,0,5.558593852711183,4646.462721237587,2.174732592400507,6.264206826148154,0.06130111520846011,3.667122457137393,0.7449649427972881,0.016301579215486528
58824746,4638.01,CP,1,1,,10.2829582517974,0.0472965501738196,0,0,4.340251388805655,0,0.24371057910357904,1,1,0,0,0.1436502250097807,338.66072343804785,0.4781830054508052,0.894563,1.015,1,12898,0,0.5544177594301187,233.3846904657433,0.19052746531499437,2.540456670590142,0.013738626875134571,2.368072363858801,-0.2561628666015704,0.014318885448916407
297967252,1025.01,FP,0,1,,9.683790810595978,0.8712740061394744,1,1,31.483548051556543,1,0.8812721598625303,1,1,1,0,0.6528320843304773,3.6081060403605134,3.519146377889629,1.0,1.0,1,16518,1,9.68348974723803,3010.095348272013,2.5238416716783316,65.8755544841568,0.04933978732133926,3.4785802525946887,0.9860318970649051,0.010859728506787347
178819686,763.01,CP,1,1,,5.60577479918703,0.34011879496035513,0,0,7.63554293953381,1,0.0011365921118374996,0,1,1,0,1.0452790224438655,0.8789963253137658,0.35678608431888037,0.906761,0.97,1,15365,0,12.28354245680383,711.3437096962772,4.007058510180668,8.873319330634462,0.023985396082134312,2.85207949546387,1.0893236312661405,0.013592233009708743
367855829,2253.01,FA,0,1,,85.4244796256553,0.059494147053951146,0,0,5.330357582812055,0,0.4528245690352264,1,1,0,0,0.286699740424283,42.599241302569105,-2.77938704199772,1.29609,1.01,1,18389,0,1.4090067275340519,231.57230473525027,0.7530832844775518,4.382109306644658,0.013685178166711373,2.364686618009306,0.14891306672464413,0.02226992218942853
48178229,2517.01,FP,0,1,,2.6788253,0.04664774459032269,0,1,9.163556013638955,1,0.355818911489073,1,1,1,0,0.7955030999352868,1.9941514309941804,-0.6228891590288989,2.1873,1.49,1,972,1,2.6759449695284894,415.1372911237461,3.8361641581706083,9.3496766328647,0.018323271656457252,2.6181917471145946,0.4274771779762577,0.05973223480947482
439867639,2445.01,CP,1,1,,0.371133443173804,0.09024021776318661,0,0,8.052489743874181,1,0.3522846686613715,1,1,1,1,0.840232270163355,1.6923324894866416,4.781384966645735,0.272233,0.245288,1,14764,1,0.7421565660010653,2348.719953385703,0.600062547026878,5.861580950312889,0.04358356642475105,3.370831237318372,-0.12950446591020434,0.033689126084056
48188920,1159.01,FP,0,1,,0.73774,0.04469556923021946,0,1,7.414703807590611,1,0.7412270529348401,1,1,1,0,0.7602784815810735,2.2843658944170913,2.8007851012605136,2.08204,1.37,1,17675,0,2.9525495882370842,292.968781547831,3.708548497999537,6.84010006344138,0.015392806829061693,2.4668213448460947,0.4701972003471557,0.05233539673607207
417676622,1290.01,KP,1,1,,5.3987355,0.07084862614005047,0,0,5.599542577562547,0,0.07309659019829054,1,1,1,0,0.8167702881062101,1.8424001946220134,-0.2665448832603379,1.25931,1.064,1,18305,1,2.7098545414305013,204.20364163931114,2.5477140630996695,4.532958778290521,0.012851058134480323,2.3100634827545923,0.4329459796015252,0.039173598068151294
128463355,593.01,FP,0,1,,13.9086,0.30053203154777264,0,0,8.367190683807499,1,8.414647666452904e-28,0,1,1,0,0.5814177658106723,5.107623420537433,-0.9663492703028397,2.2933,1.252,1,16846,0,10.952503451530744,7271.836909966134,4.9831295324499845,42.46803137989937,0.07668831789089595,3.8616441301292,1.039513398712164,0.0189573459715639
350995812,1145.01,FP,0,1,,2.97164,0.03713994613183673,0,0,6.745501015048274,0,0.21420681095091243,1,0,0,0,3.395500756681012,0.025643202906127125,-0.49474358347220776,1.0,1.0,1,19602,1,2.9662624289503072,4178.433435250151,8.84892143858023,22.088318865448134,0.05813181607999667,3.621013488007605,0.4722095709685814,0.12429954151808452
157568289,645.01,FP,0,1,,1.8361503,0.15364703382022754,0,0,10.304277066895644,1,0.5832199514837952,1,1,1,1,0.7567716461689789,2.316270133743462,38.59574594350654,2.42541,1.28,1,17453,1,3.6849117846254242,2128.4359857099976,4.735934733504839,26.922074234995794,0.04148942761045229,3.328060592981102,0.566427095476217,0.053550973654066414
113295476,4233.01,FP,0,1,,1.820443,0.031196494986506725,0,1,7.081839152905964,1,0.2671150345661787,1,1,1,0,0.9808629577410601,1.0637970027908055,1.0479611776604905,1.94036,1.14,1,15592,1,1.819414431108074,3977.7646013631206,4.0341269323071645,8.120052524899911,0.05671875458216994,3.5996390785988823,0.2599316350959515,0.09238611022618665
137903329,4485.01,KP,1,1,,7.34056751477665,0.13014883571051086,0,1,8.910501119667476,1,0.6874800439407008,1,1,1,0,0.7276851534971952,2.6052728907411575,1.000082454728956,1.43728,1.05,1,19582,1,7.3179379685069765,7955.991602285107,3.6235535941868555,6.88582111543665,0.08021476303242489,3.900694316045766,0.8643887238101536,0.020631686194600152
102840239,815.01,CP,1,1,,11.1972769,0.8653009998920896,1,1,13.17269174219236,1,0.11223404331272406,1,1,1,0,1.0088402047037213,0.9777247720497602,-1.498693179955922,0.759387,0.82,1,15236,1,11.182423073125822,1075.0639480997527,3.3197818498342184,11.80316865323891,0.029486572673433492,3.0314342981872926,1.0485359192272674,0.01236979166666663
426017070,4181.01,FP,0,1,,0.5992533139935603,0.028364901469945237,0,0,10.267057619047899,1,0.3022592196568059,1,0,0,1,3.443219729201115,0.024591756460607055,9.707538234693656,0.18,0.47,1,18265,1,1.197980394755649,38360.60238629846,1.5355755140507212,9.668035574603971,0.17613670026408149,4.58388541838891,0.07844971077523906,0.0534084809447129
267650535,3597.01,KP,1,1,,4.00882450354233,0.39371418469883357,0,1,26.164953020084532,1,0.0022837343334773364,1,1,1,0,0.9424864004520678,1.1991085141662492,0.03879077357445238,0.795696,0.831,1,107800,1,4.011981191899089,18118.925538861964,2.298925369261452,66.03593711245392,0.12105238960695741,4.258132440229383,0.6033588883878653,0.02387562465297066
88992642,2145.01,CP,1,1,,10.2611329,0.6913292604747037,1,1,8.266751253015116,1,0.01828639545194401,1,1,1,0,0.6583414403052571,3.518278251586296,1.0734236362476812,2.78111,1.191,1,16906,1,10.299228754585107,705.6661708120249,6.816325561815427,19.64231411373039,0.02388948546210707,2.8485992981315724,1.0128047043004496,0.027576197387518264
112604564,1922.01,KP,1,1,,4.5768651482226,0.2143007409719615,0,0,9.869085984623057,1,0.8905229524738413,1,1,1,1,0.8480919166668313,1.6457163806390438,4.504366531970117,1.78295,1.42,1,100704,1,4.584856141564028,5733.998037500188,4.053633950473722,16.49361740942467,0.06809824456495392,3.758457539970252,0.6613257134182378,0.03683897801544861
5109298,960.01,FP,0,1,,1.6187106687918,0.056352025518344256,0,0,10.493385995475357,1,0.0015451169060124535,0,1,1,0,0.854506016660227,1.6089345902763421,-0.31923048235511303,2.22468,2.38,1,17373,1,1.6160184964032238,934.0620669202603,3.030556950451092,14.379789622003681,0.02748495400435956,2.9703757353579188,0.20844632725532733,0.07813846595805807
349972412,4504.01,CP,1,1,,82.9294114239993,0.1271838158651908,0,0,4.801834870857568,0,0.22283918104596098,1,1,1,0,0.37235259795530035,19.44556644590308,-0.050295474065636614,0.960919,0.9,1,86924,0,0.8186864539246781,711.4533879102325,0.6288052873915615,2.831175256432293,0.023987245099685802,2.852146451803998,-0.08688239543483793,0.032002752924982725
199671901,5959.01,KP,1,1,,4.4571443713053,0.12373631561977513,0,1,11.165746705639467,1,0.9638218927693768,1,1,1,0,0.8197211340131458,1.8225748244038977,0.8947067331176891,2.09465,1.136,1,102136,1,4.451051916084828,4154.681696641905,4.909708319615814,34.6165832392975,0.057966359400596655,3.618537756715254,0.6484626598268207,0.045960187353629944
118301361,1604.01,FP,0,1,,3.46608,0.06603221646240492,0,1,7.632747037081873,1,0.2028640146380245,1,1,1,0,0.735747687080734,2.52056004106015,1.6637988108599673,3.01857,1.631,1,968,1,3.483687612573155,460.5380167470585,5.187704407554649,15.090249978985304,0.019299225918263756,2.663265486393869,0.5420392042523035,0.062047569803516056
344224831,6866.01,FP,0,1,,8.0179256,0.027631200182944175,0,0,10.69729746650987,1,4.427561249606855e-06,0,1,1,0,0.9355361822582938,1.226032541707181,0.37468741087433016,0.938319,0.93,1,3328,0,6.6411383615183,121347.2297212862,3.0660620749300076,23.04342359034456,0.31327236079343196,5.084029866119195,0.8222425284270608,0.01923654944394354
399870368,624.01,CP,1,1,,2.7443216,0.4134001980797634,0,1,23.8364080814451,1,0.8699244024316752,1,1,1,0,0.8550097347799347,1.606092615145525,-0.30122577356625135,1.97036,2.19,1,17276,1,2.7445282620927003,9012.57523082477,3.294386049207538,123.57660638501754,0.08537517331127084,3.95484890293644,0.43846770733760454,0.05001445504481056
112395568,1053.01,FP,0,1,,5.742625,0.03519243440233838,0,0,3.777398837725708,0,0.18960272276024864,1,1,1,0,0.7099516310572778,2.8054173575603163,2.1750613404365877,3.48732,1.0,1,17236,1,5.739048905874382,159.8862292891967,8.0398976699607,4.734689401622757,0.011371367021499124,2.2038110603612875,0.7588399256462228,0.05837129840546701
5772442,979.01,FP,0,1,,1.10578,0.03739851150304011,0,1,7.82947666574365,1,0.8594749521114603,1,1,1,0,0.7269164230022575,2.61354703901195,-0.573033349951499,2.54901,1.044,1,16675,0,3.3148516919279234,210.36582702371743,4.939623774956476,4.072111104418519,0.013043518030249028,2.322975192038726,0.5204641026297342,0.062089552238805974
342642208,2158.01,CP,1,1,,8.6007557,0.7843336385924335,1,1,12.664877763446123,1,0.3967274150494616,1,1,1,0,0.851720528416832,1.6247719729909469,0.8885986792453474,1.49636,0.935,1,19574,1,8.614495860528393,2357.032614225041,4.846065442050098,26.128851338539782,0.04366062444302076,3.372365591892152,0.9352298666479965,0.0234394904458598
219380235,878.01,FA,0,1,,3.9773904,0.12135335027427559,0,0,4.053264121366295,0,0.6922565970012409,1,1,1,0,0.8649841172124081,1.5511698843440977,0.542036354723629,1.76751,0.97,1,16590,0,9.962442447353373,377.1993758405756,6.027696270667579,3.4900584203003033,0.017465966770009198,2.576570965430036,0.998365825508907,0.02521008403361341
278892590,6838.01,KP,1,1,,1.51094471179194,0.10918013798760419,0,1,9.190195962041212,1,0.4823183040285572,1,1,1,0,0.8816495799775875,1.4648587471073877,-2.480651862906435,0.114827,0.0907782,1,80805,1,1.51080245700509,10011.199968034678,0.46881199256900036,5.773615433483699,0.08998087560225254,4.000486136246763,0.17920768244545626,0.012929442186922878
75262942,4469.01,KP,1,1,,2.66341539186883,0.03474237693061329,0,1,18.63445354676058,1,0.4058248053045455,1,1,1,0,0.7563916337775025,2.3197629816565564,-2.197113309161099,0.701369,0.634,1,18297,1,2.6642769522125445,33754.98559081613,1.5527682319034124,19.36032289504123,0.16522513306568268,4.528337926935108,0.42557936785784933,0.024283765347885452
33690636,891.01,FP,0,1,,4.99915,0.7993179631141237,1,0,10.382423542615944,1,1.2630251527038138e-05,0,1,1,0,0.8325937722530411,1.7393392178579075,-0.515763117591099,0.932128,0.699,1,17443,0,7.735990518627643,2357.7528812004366,3.136930863223569,12.774937896200722,0.04366729488611418,3.3724982842386644,0.8885159287959614,0.016895761741122506
408549705,5189.01,FP,0,1,,9.5064017,0.6316497892323647,1,1,9.34894779023451,1,0.835115590727382,1,1,1,0,0.5777898788034553,5.2044396101759745,0.5278357649458382,1.08695,1.11,1,16026,0,6.339124400923953,4095.950786191516,2.0360959793817432,9.584177258817292,0.057555192627011406,3.612354729849156,0.8020292745838854,0.013383131030189899
58474992,6921.01,FP,0,1,,25.714253,0.18318487145514567,0,1,16.704892252282647,1,1.0,1,1,1,0,0.7700993735023419,2.198079790556845,-2.694603584274581,0.855173,1.01,1,15609,0,11.757324170974654,20135.54985970445,2.7071549098502357,31.347876405919365,0.1276112297136736,4.303963493778308,1.0703084926576278,0.009593859929644954
239977528,5110.01,CP,1,1,,30.1584857,0.16581478630319263,0,0,5.371781516716077,0,0.6230635771581244,1,1,1,0,0.6711755322750662,3.3202854012029483,-0.6292293827235272,2.38245,1.139,1,12449,0,6.3834555689913435,620.3654362469946,5.151739962804859,7.509967988490007,0.022399119325651105,2.7926475930336334,0.8050558398925759,0.033626901521216945
150098860,220.01,CP,1,1,,10.695306511724072,0.07319415925606973,0,0,6.459423981453706,0,0.2036806298311161,1,1,1,0,0.8832163007075661,1.4570771112718828,1.2127404567327575,0.881545,0.9,1,18231,0,3.55990369750556,302.92618193994423,2.2333671636524577,5.644124335558073,0.01565220590344792,2.481336811070211,0.5514382495999454,0.02614030408108825
202426247,1860.01,CP,1,1,,1.0662082,0.911902646684094,1,0,5.532351464693614,0,1.0,1,1,1,0,0.9817313863543936,1.0609764304879856,0.5543222549560722,0.92985,1.01,1,17648,0,11.956135242834502,1186.2755227045607,3.7735088287401477,20.11479210706472,0.030974188108606065,3.074185569376772,1.0775908189537726,0.01315053161723556
369327947,910.01,CP,1,1,,2.02910665243486,0.5228181344920027,1,1,13.60172797654802,1,0.01289748505688905,1,1,1,0,0.7623558782521681,2.265742252038655,0.3019228466262358,0.287497,0.262417,1,16305,1,2.0297708052250765,781.3363341255819,0.7861873770387614,7.534510018578542,0.02513773578157079,2.892838020576492,0.3074470016346092,0.01613867304243871
428699140,3082.01,CP,1,1,,1.9268037,0.3101065969535828,0,1,18.649633126189116,1,0.842126671380938,1,1,1,0,0.9254282476544538,1.2666467362166254,-0.36440091144370657,0.684655,0.664,1,15338,1,1.926743094100919,2338.4259627867723,1.639141442005853,14.27136470468857,0.043487952324796825,3.368923624207247,0.28482381104756826,0.03544715447154467
233720539,1815.01,FP,0,1,,2.555332,0.06866000139972045,0,1,13.529831494163219,1,0.70299918277395,1,1,1,0,0.8190817448688645,1.8268463558402444,10.363466932091786,2.48285,1.31,1,19611,1,2.555827148609908,4592.865777968136,4.6090820713596905,59.94961625756231,0.060946535569560714,3.662083753769863,0.4075314790077636,0.07514009169638308
301051430,923.01,FP,0,1,,3.2744665179962,0.09241753084166564,0,1,9.172210856907972,1,0.04942790488555083,1,1,1,0,0.7805201427895899,2.111209918648279,0.8984603319285722,1.2461,1.13,1,16802,1,3.273455136065185,530.6192153704536,2.5147586581745536,4.895624275275593,0.02071565327067564,2.72478297308365,0.5150063931294543,0.03200948429164191
153065527,406.01,CP,1,1,,13.1757294345325,0.5726736275785663,1,1,8.105642427675342,1,1.0,1,1,1,0,0.856108362490011,1.5999173414852519,-1.4008600574006829,0.388609,0.378565,1,12997,1,6.58458326840445,1809.955728093726,1.563462693867719,6.880653827628558,0.03825966146081015,3.2576679520626954,0.8185282941103439,0.009893455098934523
272213425,1904.01,KP,1,1,,4.3247708,0.24390228500943464,0,1,13.247949807327185,1,0.0015441208102925008,1,1,1,0,0.7574314708673239,2.3102220569022553,-0.5105233071716896,2.1276,1.31,1,93826,1,4.324776274628016,4429.858613218873,4.352252616906478,35.03486973391757,0.05985522661757086,3.6463898651669187,0.6359636458568707,0.04193138500635335
39926974,4526.01,KP,1,1,,2.2604345821230276,0.19037659846498411,0,1,8.607985719934186,1,0.204960469941054,1,1,1,0,0.6660810384387466,3.3970547913526152,-0.9546543436422376,0.341024,0.323833,1,9610,1,2.260095958241775,5359.645203769303,0.7873429154683584,5.238492829366456,0.06583777835368099,3.7291360413447943,0.3541268786386362,0.014515292897874456
404340025,834.01,KP,1,1,,2.67555212374423,0.4553798438693132,0,1,21.68900912362783,1,0.6999593278693257,1,1,1,0,0.8382062105491631,1.7046339766802499,1.2766659731378858,1.34415,1.1,1,13631,1,2.6725084129580137,13536.3738369918,2.747202840470812,98.2197515503922,0.10463050387275748,4.131502339866103,0.42691908102599463,0.042831215970961845
437333618,843.01,KP,1,1,,4.29864661021436,0.44431970840504564,0,1,17.337323822791646,1,0.19191158469867264,1,1,1,0,0.7707229784677763,2.1927485961110205,-0.6572361742422193,1.11852,1.03,1,13588,1,4.294538988054668,13413.385064923621,2.5166248880436908,33.35010848950656,0.10415409339654866,4.127538392281057,0.6329165498459706,0.02441690962099119
181804752,736.01,CP,1,1,,4.98991757887488,0.792420303054992,1,1,19.349800256403036,1,0.5443537062345436,1,1,1,0,0.8897309406506303,1.4253045873329164,1.5631582435313611,0.17143,0.14169,1,15788,1,4.993261283267084,15288.072100292593,0.9070067799312025,12.708935454995293,0.11119455162512071,4.184352722234122,0.6983842920539426,0.007568590350047311
411347315,7352.01,FP,0,1,,4.0662367,0.11206152184564777,0,1,12.070671833525346,1,0.8255086028068837,1,1,1,0,0.9176213052459462,1.2992517136202435,2.398267148249916,1.49021,1.01,1,10786,1,4.069060745386886,5580.06224216645,3.9465585097649867,12.05421525548747,0.06717793788404133,3.7466390432527525,0.6094941733109913,0.04041225928939518
50943163,3672.01,FP,0,1,,2.4254068,0.0898252999455171,0,1,10.980573906653033,1,0.9073177117489137,1,1,1,0,0.6795566213777937,3.1989453310806772,-0.6954792074469793,2.51268,2.04,1,941,1,2.4241821724685413,1668.226524338623,3.280382684446792,17.97030447733107,0.03673116117901613,3.2222550220755255,0.3845652530870885,0.05638297872340425
408310006,576.01,CP,1,1,,5.4435354,0.7927019916422898,1,0,19.878433082728705,1,1.0564410032519557e-05,0,1,1,0,0.8461997358692865,1.6567810069939872,-0.1323275249028014,1.25279,1.141,1,13030,1,5.448362102935752,2568.251855701198,3.2378837640303897,48.00195847268987,0.04557492389788867,3.409637610587601,0.7362659634570353,0.024761904761904763
269450900,1127.01,FP,0,1,,2.32439,0.2364115306376171,0,1,13.554121062096543,1,0.8624531373521708,1,1,1,0,0.82258055476876,1.803634138734721,-1.089069805637918,2.64617,2.18,1,17277,1,2.329256495022877,2219.6338114159885,4.036142010704795,145.01552276100625,0.042368960867393016,3.34628133174834,0.3672173151725237,0.07220011370096652
367102581,1522.01,FP,0,1,,2.9798592,0.27070619709511745,0,1,13.568445924641049,1,0.3364005061966762,1,1,1,0,0.7631837185191781,2.2583771624186095,1.0411360667539888,1.88829,2.279,1,116030,1,2.979501204884617,455.13033878008537,2.8581226008424396,12.200757958031712,0.01918558473146946,2.65813578634273,0.47414356538578784,0.0399692544196773
232982938,1828.01,CP,1,1,,9.0941239,0.8549396185445283,1,1,11.077160470766438,1,0.022945841074794693,1,1,1,0,0.7510692296771821,2.3694298421883584,-0.4415158089605961,1.56229,1.04,1,14658,1,9.115171654217235,1915.6724196256469,4.388021812188695,13.409517264409692,0.03936114923845901,3.2823212466464633,0.959764851573266,0.02005823358136527
444413256,3989.01,FP,0,1,,4.0104917,0.6420851899875767,1,0,14.125960363707351,1,0.6650357539521778,1,1,1,1,0.7845403813105638,2.0789203811297043,4.540461304437233,1.0,1.0,1,18899,1,4.01035635287824,5284.819220402359,2.2607867959218555,18.477665260037433,0.06537658253916617,3.7230301358393736,0.6031829649424989,0.023489047242016337
8260536,5398.01,CP,1,1,,10.590923,0.2054376279077765,0,1,21.770682319774732,1,0.9821857892889175,1,1,1,0,1.1081007139440138,0.737812586176154,1.8726181303787077,1.05318,1.113,1,15507,1,10.57711354450248,9540.371022144334,4.483554874355587,50.45517066242343,0.08783948465331083,3.9795652646136026,1.0243671664962526,0.017662170841361624
255851356,6542.01,FP,0,1,,2.4018591,0.051975595982913646,0,1,11.345548772835299,1,0.288434296197522,1,1,1,0,0.7775402100042679,2.135576783754434,0.8505334306440702,1.86267,1.13,1,3687,1,2.4003947581878857,382.4144036147503,3.376837564842876,8.72433030124169,0.017586291505699243,2.582534241586801,0.3802826697135548,0.05861601085481682
410214986,200.01,CP,1,1,,8.13822217724381,0.648085819912046,1,0,8.100654664469442,1,2.651258236786478e-32,0,1,1,1,1.3251788576941652,0.4313802604889398,8.942082981523765,0.951985,0.94,1,18268,0,11.183748670599513,2689.4859936601456,5.223654404396238,22.007533291189777,0.04663820105206292,3.429669286899348,1.04858739872723,0.019461476939482747
18310799,5087.01,KP,1,1,,17.3070631,0.47221372582508736,0,0,6.543523565713902,0,0.00037319750850384637,0,1,1,0,0.5041875047903297,7.832628496125065,-0.678810427521959,0.774501,0.66,1,94445,0,4.60547556325797,685.4333817128966,1.3534458798145725,7.21514863298441,0.023544516292765605,2.8359652514517064,0.6632744822711842,0.012244897959183543
343442463,1387.01,FP,0,1,,0.78381,0.08962158792486623,0,0,10.84448506697912,1,0.9343425189853775,1,1,1,1,0.6376785431071474,3.8714918723583263,9.582427610775555,1.78185,1.921,1,12839,1,1.5679057961619218,358.9399494773327,1.9259889733388786,11.413261574428118,0.017037977701000573,2.5550217973469462,0.19531996559581602,0.051182628925940284
37770169,470.01,CP,1,1,,12.1914558295666,0.3554286355788965,0,1,9.344411796555391,1,0.23981755819852987,1,1,1,0,0.931408133336355,1.242406416137003,0.8366859661989537,0.840971,0.862,1,14517,0,4.062164521134793,953.6109837524621,2.3818867636650625,9.043462784062447,0.02777107997737581,2.9793712446566616,0.6087575087226708,0.024431625381744204
313675203,4367.01,FP,0,1,,2.5025812,0.06267491033558935,0,0,8.33373065174707,1,0.00033991747744851607,0,1,1,0,1.1049784087121304,0.7440847222863815,0.4720174818338845,0.913016,0.93,1,14736,1,2.5050940018274,334.3170182007471,2.5460241805834984,6.143095724428519,0.016443201892267036,2.524158484646886,0.3988240270930708,0.042347449149716554
258796169,4616.01,CP,1,1,,1.55381877515444,0.1966714822198472,0,0,8.073776068163914,1,0.6632870233261393,1,1,0,0,0.30481158608932435,35.44780526094955,0.4120281388012695,0.192729,0.161878,1,12977,1,1.5530151373640957,3632.52188943175,0.22640767378428983,5.393259682109669,0.054201495164597886,3.5602082400191377,0.19117568885261402,0.006074411541381997
75878355,2134.01,CP,1,1,,9.2292078,0.9336286202561616,1,1,22.716095626005018,1,0.37884087309357145,1,1,1,0,0.8537432215174992,1.613251055692315,1.8802700013766127,0.769698,0.69,1,16885,1,9.230172826742548,1427.6412518078318,2.829335995657529,37.16841756155026,0.03397947707660587,3.15461908843862,0.9652098328783406,0.012772133526850582
449951606,6279.01,FP,0,1,,5.1681189,0.04139730544545259,0,1,8.221498040616893,1,0.9433638299176518,1,1,1,0,0.9244574604187876,1.270641304676123,-0.13943409805005239,3.44036,2.03,1,1083,1,5.135864788625793,840.0091489760841,7.860436312351487,10.966505725154098,0.026064485401296685,2.9242840162144894,0.710613581585976,0.06377079482439924
1400770435,1344.01,FP,0,1,,13.7432169,0.9013096464274485,1,1,14.67381442382075,1,1.0,1,1,1,0,0.6774839946652174,3.2283948418249526,-1.2593850060306087,1.0,1.0,1,14259,1,6.873908393401458,2257.3696032893718,2.3364165316431884,46.8529861190556,0.042727598419057905,3.3536026727363817,0.8372037401222208,0.014162348877374775
233681149,1340.01,FP,0,1,,8.586550895639057,0.8488988033251215,1,1,15.468376525589031,1,0.4298747628678618,1,1,1,0,0.6648755503232565,3.4155659481563285,-0.2829305237265803,0.987583,1.081,1,18370,1,8.575862547946512,1622.6581784818395,2.3752791598177354,12.724378001900849,0.03622602382055182,3.2102270430338415,0.9332778116272932,0.011540526033279763
126171392,5899.01,FP,0,1,,0.7835688,0.03046259417793796,0,0,6.7884581970400175,0,0.020803186248195802,1,1,1,0,0.4302257857471468,12.606497854576055,1.3055460283536662,1.27668,1.08,1,1165,0,6.8949070370999594,45238.27177266404,1.8481194120061866,11.770098463455229,0.19127585392867036,4.655506005317696,0.8385284150301164,0.011168384879725157
281541545,6720.01,KP,1,1,,4.1470359233501,0.5486150579679286,1,1,15.780740861046114,1,0.5058331568329355,1,1,1,0,0.8069424184294607,1.9105399654337576,-1.2603114444446273,0.775548,0.66,1,14201,1,4.146979972551984,9135.776962101216,2.094581255866314,10.8304761809093,0.0859567310808139,3.9607454883064257,0.6177319379849094,0.021045247281655577
19028197,5094.01,KP,1,1,,3.33665106328833,0.6886936741010814,1,1,25.648397277985868,1,0.03071058993838658,1,1,1,0,0.954590216866775,1.154071791880539,-1.1110330223978948,0.499698,0.497757,1,90695,1,3.339102281869415,6143.935934264988,1.6317189475933225,58.00236742314389,0.0704904829522171,3.78844667845245,0.5236297223700775,0.020361247947454753
317520667,7058.01,KP,1,1,,2.46518010117032,0.40371647892133644,0,1,21.805870156459193,1,0.08227353929044828,1,1,1,0,0.768923405654996,2.2081802493741507,0.5326662281700709,1.51554,1.482,1,69275,1,2.464887585783053,10941.924251031354,2.504283197305292,61.65627788311172,0.09407061835675158,4.039093703909467,0.39179711753318447,0.04233261339092881
137284119,1315.01,FP,0,1,,2.5778717,0.052546265509330226,0,1,9.68751908363901,1,0.1935448932129041,1,1,1,0,0.7364612268039791,2.5132408054970554,0.38510059555731824,3.15808,2.052,1,18841,1,2.577238993042309,420.06410272510396,4.551439534562805,16.37022216001764,0.018431680419292426,2.6233155697681325,0.41115469350117484,0.07358390682901
366989877,1054.01,CP,1,1,,15.5077855,0.03730630003987152,0,0,4.9931072422364835,0,0.4050392123523839,1,1,1,0,0.33702301648571387,26.224370946791627,-0.3107731365559753,1.17092,1.14,1,19354,0,3.1036140214140433,121.99948278668327,0.9994422874021978,4.741714004184059,0.009933130508743459,2.0863579894996205,0.491867705243023,0.013417721518987404
160268701,1143.01,FP,0,1,,11.2071839,0.6024579444479383,1,1,7.659307536730503,1,0.47076645455621774,1,1,1,0,0.9581904991684898,1.1411117636882468,-1.8512625410704833,2.24055,1.274,1,19567,1,11.250293415452136,1038.8914183983022,8.048617556838078,25.52439486390738,0.02898626286070053,3.016570158861619,1.0511638492962736,0.0298089171974521
141482386,1024.01,FP,0,1,,18.0157,0.030359370240689035,0,1,7.940671987110548,1,0.08187527031298475,1,1,1,0,1.0,1.0,2.8268858086660194,7.61148,1.0,1,97985,0,0.7824605995619472,306.79921710885515,2.1804251601166964,8.263891558995855,0.015751948033077896,2.4868542470444206,-0.10653752192674297,0.11610942249240119
37749396,260.01,CP,1,1,,13.475847841798752,0.42294767566371416,0,0,6.856818976574274,0,9.74527508762589e-09,0,1,1,0,0.8486157196351154,1.642670835531426,0.1160852707232576,0.618173,0.63,1,12946,1,6.742902291794654,409.9035765705583,2.096878151716628,7.837638415659036,0.018207402822792686,2.612681707723872,0.828846866566472,0.012957317073170715
280206394,677.01,CP,1,1,,11.2365977,0.4188385121883157,0,1,15.589307367678666,1,0.9454475661283946,1,1,1,0,0.8380707598078909,1.7054606297495953,-1.6570647441295077,1.28844,1.18,1,16513,1,11.241077277638427,5077.701667544287,4.151804039779551,43.17491457035835,0.0640826905148843,3.7056671809911528,1.0508079334140816,0.015389257694628844
68577662,4606.01,KP,1,1,,11.1684037,0.2528067103663854,0,1,27.168149392200906,1,0.989483793866006,1,1,1,0,1.0444296423185448,0.8811425953420841,0.035400417674760085,1.21567,1.1,1,15563,1,11.170594321118086,9089.32436585852,4.987000415329176,57.1850594970295,0.08573792090369393,3.958531602134545,1.0480762799657146,0.018601667735728022
345724317,7042.01,FP,0,1,,2.817627,0.11144894105793339,0,0,6.849606732965085,0,0.746411641550077,1,1,1,0,0.6668921133660345,3.3846753540477303,2.5102470993575188,1.16961,1.246,1,1157,1,5.634246344606713,586.2879738883775,2.339479451047761,6.640436632100366,0.021775224427826808,2.768110985899819,0.7508358316033303,0.01730103806228367
431585347,1543.01,FP,0,1,,5.13664,0.4844348525984936,0,0,9.247612587586929,1,0.9382461200770627,1,1,1,1,0.779500622635007,2.1195046040278296,5.242738593960196,2.32115,2.34,1,867,1,5.126543547291414,1069.1539793130644,4.262253295669537,14.62620726411983,0.02940541244004989,3.0290402567057737,0.7098246508288409,0.03464203233256352
461239485,5672.01,KP,1,1,,3.03908506593102,0.6948873398965396,1,1,15.142888406360864,1,0.455795094931969,1,1,1,0,0.559904521379815,5.719286334088941,0.4335602832849616,0.864673,0.916,1,7223,1,3.0391490972589574,7874.561430826543,1.3096885612497111,33.25775094794679,0.07980320518112645,3.8962263753535904,0.4827520066046131,0.017955801104972302
309402106,710.01,FP,0,1,,216.24584,0.9008530014624129,1,0,4.550933552266213,0,0.00019773595872087153,1,1,1,0,0.419571948885779,13.591407329491632,2.427899789695068,1.56939,1.71,1,18277,0,5.3546535844952405,410.6788615700907,1.7472929851831909,12.06671552407162,0.018224613282448846,2.6135023494576806,0.7287313797040896,0.013596374300186564
176314383,2719.01,CP,1,1,,3.3759446,0.1185844431586045,0,1,10.830859032668526,1,0.5086241653052613,1,1,1,0,0.6871104455729286,3.0945970779425327,-0.7166805053427253,1.69373,1.02,1,25014,1,3.3794492845099984,911.6487823848107,3.1468011642472637,6.899373739732869,0.027153194153795527,2.959827556255702,0.5288459333589699,0.03879824910465568
76197937,2172.01,FA,0,1,,1.78252,0.03524474157354098,0,0,4.199401252094565,0,0.9923336106419689,1,1,1,0,0.7990092556834009,1.9680146770636304,0.3740844689738271,3.70026,1.0,1,19571,0,5.231836924077555,195.70856716033535,9.309337344651624,2.994471222081196,0.012580910288644507,2.2916098373545863,0.718654198604244,0.07414012738853498
439366538,2374.01,CP,1,1,,4.313591705794025,0.48179975402178266,0,1,9.63945352019049,1,0.41576132691970635,1,1,1,0,0.8102111660181214,1.8875092605404487,-2.3855739968756837,0.798703,0.773,1,13837,1,4.3072226747502675,7229.913689669409,2.0808437364717305,9.05954883599438,0.0764669385847252,3.8591331127407207,0.6341973244943144,0.02012940330697338
74484886,4258.01,FP,0,1,,3.8505662,0.3840785822822436,0,0,4.425776291346863,0,0.14185827755309743,1,1,1,0,0.33605468201342154,26.451719704714005,-0.39890992290867694,2.1317,1.26,1,904,0,4.344453348859174,8606.228250150894,1.9629423768931809,6.833579305929742,0.08342833509851155,3.93481286004383,0.637935138089738,0.018826135105204866
250707118,6028.01,KP,1,1,,5.72385819309734,0.556018274215865,1,1,17.778492876390853,1,0.8308252633788448,1,1,1,0,0.7487523747125688,2.3914930615276098,-0.3445908495111325,1.23052,1.141,1,113650,1,5.731600140710214,6511.150524839971,2.862026301497634,35.31735186765526,0.07256647288496476,3.8136577354869283,0.7582758846666114,0.02080589939425853
262531275,331.01,FP,0,1,,2.4843369,0.051075190701943655,0,1,7.928670871167218,1,0.30686511676713923,1,1,1,0,0.6811366379603013,3.1767353768092588,0.4936328322277293,1.75731,0.99,1,13148,1,2.476604886544843,1318.0960217200611,2.9471785629436003,4.427057751512572,0.032649810988214,3.119947049244462,0.3938567254874876,0.049583648750946285
229791084,1864.01,KP,1,1,,1.6453265,0.31150544991732454,0,1,22.86326872928088,1,0.9043878127010738,1,1,1,0,0.855594843028702,1.602799833961682,2.6206477394188052,1.32044,1.12,1,18212,1,1.6463094642867058,17776.27301088458,2.3298857853274892,110.76934087633794,0.11990229688189007,4.249840711613117,0.2165114748613722,0.0589673913043478
271478281,2194.01,CP,1,1,,15.3419095,0.8903894151941005,1,0,11.330379145045551,1,4.220781172118673e-41,0,1,1,0,1.1434067010695201,0.6715549648165778,-0.2896994219123117,0.690927,0.74,1,16715,1,7.675174047328245,361.3512997867607,3.1248922906979377,14.047733895219901,0.01709511227522483,2.5579296212214593,0.8850882326100972,0.016964285714285765
273231214,4581.01,KP,1,1,,22.3428773004532,0.046016203321377076,0,0,4.9430844119512125,0,0.972530213500779,1,1,1,0,1.0167289573011542,0.9551425336062425,-0.6200184923643958,1.42864,1.183,1,18385,0,2.5547082470289215,764.6303367206953,3.405363716458189,4.4836807882667,0.024867544808904282,2.8834515246652654,0.40734130997357815,0.05554064931580354
29830212,2651.01,FP,0,1,,7.3164282,0.04583614991889246,0,1,20.91377017017497,1,0.7084412357090565,1,1,1,0,0.6220857216498519,4.1699712762945715,-0.9363586088796805,0.833613,0.8,1,984,1,7.327847748242054,26325.955440152036,1.9680079405248248,22.13565577792069,0.14591475752035146,4.420384141865351,0.8649764373539471,0.011190233977619535
277128619,4994.01,CP,1,1,,21.4921464,0.4185589031972006,0,0,4.527279796688093,0,1.010302586138235e-13,0,1,1,0,0.9525103620841195,1.1616482345962698,0.05327423280773028,1.10771,0.97,1,15640,0,9.635759892895612,2844.316674431302,4.113869534959255,9.787843306516217,0.04796187142352053,3.453977947297455,0.9838859695652329,0.01778907242693778
368536386,1666.01,FP,0,1,,1.69433,0.035388952770797004,0,1,9.235928519814177,1,0.01190399526480827,1,1,1,0,0.7692789220005575,2.205120183367224,0.20351049565641274,1.99659,1.607,1,1092,1,1.6967818100647727,246.6290785637648,2.836782787862648,5.680115749279628,0.01412307570214239,2.392044280350834,0.22962599978547435,0.06966086159486717
243244680,5065.01,KP,1,1,,19.4921473,0.1182402098429739,0,0,3.6632597160267473,0,6.0562163644541664e-05,0,1,1,0,0.5692336480692906,5.442670866012636,-1.8706600092978682,1.3636,1.158,1,15226,0,8.21871673779379,455.0043377152813,2.705573635433115,6.356701854323926,0.019182928820366135,2.6580155369578398,0.9148040125276502,0.013716525146962866
436478932,5963.01,KP,1,1,,4.32262294185784,0.536078892453789,1,1,24.466375497627503,1,0.2741235973892243,1,1,1,0,0.7368172324888208,2.509599621192262,1.122939715101994,1.34757,1.08,1,101769,1,4.323581973149681,10434.14501259321,2.859572246093724,63.22293727177422,0.09186193324187532,4.018456868204969,0.6358436974157431,0.02755790090882443
394287035,2328.01,CP,1,1,,17.1019622,0.047078744125536455,0,0,4.697990705198189,0,0.9840373454743716,1,1,1,0,1.0377143651025797,0.8983597329809129,-0.2722216193748449,0.932732,0.94,1,16131,0,1.4329329423434611,499.15605384953653,2.020462033731037,4.625400884672934,0.020092099406254504,2.698236342678418,0.15622586698378568,0.058750773036487236
153078576,2407.01,CP,1,1,,2.7029186753149,0.6824815616515825,1,1,18.72991458181331,1,0.04205123790783749,1,1,1,0,1.0050791162085786,0.9887420759319041,-0.1957122422848678,0.524573,0.52181,1,16800,1,2.7021013897227815,4299.803799148849,1.6544459413787633,14.837729948466311,0.05897004597727249,3.6334486390933027,0.4317016408262784,0.025511717591219178
250386181,390.01,FP,0,1,,1.470258,0.34369492039418315,0,1,19.07415734973373,1,0.561884477738296,1,1,1,0,0.6840698555547602,3.1360458551988475,-0.07417523513933226,1.08176,1.247,1,14833,1,1.4694121698091482,1314.5654476637292,1.4176654289454385,27.55917202493113,0.03260605474138263,3.1187822129997373,0.16714363239080787,0.04019933554817279
24094603,1121.01,FP,0,1,,4.07611,0.1646596951531416,0,1,10.44046058374412,1,0.36220473152355237,1,1,1,0,0.9153763959224274,1.3088342018566055,-0.2044428484141613,1.0,1.0,1,1292,1,4.076101357150382,1169.4571405020947,2.6521496049622977,8.001075618004895,0.030753836547349166,3.067984309954903,0.6102449747219788,0.027110766847405154
285674856,1570.01,FP,0,1,,1.74626,0.05017817729603709,0,0,10.269396811458716,1,0.7888818811154946,1,1,1,1,0.7691542332361584,2.2061927834051867,4.758702780176887,1.80159,2.06,1,970,1,1.746104496197122,895.0836834935583,2.3785943601446853,6.564604985261705,0.026905369892001398,2.9518636404338072,0.24207023064321007,0.05675954592363258
130633912,7497.01,KP,1,1,,5.291360177520952,0.37464347063777925,0,1,17.209637633028358,1,0.04709154837685185,1,1,1,0,0.9876309228606293,1.0420767963346513,0.5006511356755555,1.03676,0.979,1,15176,1,5.290908882008962,9930.221133262585,3.2591580872394834,32.49692864960134,0.08961621695611857,3.9969589197830335,0.7235302823444826,0.025666337611056304
55315929,5556.01,KP,1,1,,0.719571209844274,0.046036415621566656,0,0,6.694827102463334,0,0.7871306675869686,1,1,1,0,0.888806904379006,1.429754607379314,0.07504894898962607,1.25505,1.075,1,16152,0,2.5324347784647574,154.38579505344663,2.6921238370883462,4.372700756020972,0.011174055295615597,2.1886073386570737,0.40353826914876173,0.044294063365118486
294090620,587.01,FP,0,1,,8.0442389870715,0.25905357510152066,0,1,19.374471834202932,1,0.9849289465057482,1,1,1,0,1.016472356342824,0.955866072316657,-0.6066028726726634,2.04114,2.523,1,16893,1,8.0580961531341,4871.028795988553,5.541875286409511,64.01435659059784,0.06276499453322482,3.687620696991594,0.9062324452968878,0.02865583456425408
363851359,1920.01,KP,1,1,,2.5441537,0.16852749461194727,0,1,11.529069645569578,1,0.5990461788427831,1,1,1,0,0.7365289374607992,2.512547726651953,1.197557762395476,1.30837,1.0,1,94943,1,2.5415609960638634,6337.802618855082,2.385268219579335,12.453764297329446,0.07159397927199637,3.8019387096291495,0.40510053699212606,0.039104383475244475
164892194,2178.01,KP,1,1,,3.02411095068699,0.14250621023058702,0,1,13.549230859318342,1,0.7212725404147943,1,1,1,0,0.8330348500668069,1.7365778287022144,1.117799999891213,1.36388,1.12,1,19577,1,3.030651473611198,5403.360070361685,2.8716310447869717,12.682531471848998,0.06610572938032687,3.7326639091199345,0.48153599516322276,0.03948038716250635
67309890,1484.01,FP,0,1,,1.1623941,0.03847647830314495,0,0,7.265797920105019,1,0.1281775195976557,1,1,1,1,0.6928599807484218,3.018195250044878,6.882121275142107,2.225,1.186,1,12850,1,2.3194419074510133,347.3732263730156,3.4967003242223895,7.504515588498761,0.016761208095754206,2.540796342359365,0.365383499687541,0.06281504459092674
69997672,1133.01,FP,0,1,,1.80709,0.02910017989652361,0,1,9.641914332468001,1,0.5044162409973474,1,1,1,0,0.8163303477719744,1.8453805434276005,0.833061180527516,2.19683,1.21,1,19519,1,1.811655198209836,245.53756365353064,3.721137931320457,10.367105434725957,0.014091788552373077,2.3901179422410936,0.2580755444644086,0.08558329088130412
428685938,4856.01,FP,0,1,,14.4896397,0.17657385227373462,0,0,10.893552196837321,1,0.004484972475657823,0,1,1,0,0.8119768258146177,1.8752227370468053,-0.18984619713800185,0.354199,0.339059,1,16017,0,4.463580756944353,21960.47815347968,1.231715261704964,12.166650636065437,0.13326866363337891,4.341641791932744,0.6496833966158808,0.011497824735860751
326919774,1552.01,FP,0,1,,7.57193,0.029346421619559197,0,0,6.046950828637771,0,0.27228017442400587,1,1,1,0,0.4906285455906435,8.500125263193818,-10.538874290775054,4.72499,2.32,1,13043,0,1.3313981937813293,206.7038952915379,3.494167205398962,10.934072060018146,0.012929492461695133,2.3153486608927953,0.12430796343784371,0.10935143288084459
29117085,3790.01,FP,0,1,,13.247777,0.028043604438384377,0,1,25.719584410783966,1,1.0,1,1,1,0,0.7123147508626756,2.7775887831916903,0.550472532098988,0.888753,0.931,1,16541,1,13.219375944043767,83256.44008883637,2.780503371729933,57.93225118063858,0.2594872750672881,4.920417837215817,1.121210953602322,0.008763977032335946
348135793,1578.01,FP,0,1,,1.97741,0.030440882725331596,0,1,9.471772185847064,1,0.6984593173148589,1,1,1,0,1.2157697842224073,0.5586370386594992,-0.004310460591606866,2.11263,1.439,1,971,1,1.973507142424071,776.021940343985,5.1758785261101385,19.61798917303657,0.02505210059562267,2.889874000170073,0.29523870251250617,0.10927835051546386
186812530,503.01,CP,1,1,,3.6773543,0.9155775243976431,1,1,12.289259004527874,1,0.8217775004522642,1,1,1,0,0.7422104186807171,2.4552890350431054,-0.3902300867056994,1.68425,1.835,1,16298,1,3.6829644327261035,1353.167446517145,2.8600309880510495,35.81862890516026,0.0330813266416379,3.131351541312198,0.5661975247888322,0.032356532356532464
7020254,4316.01,KP,1,1,,20.2730282,0.2213264626928063,0,0,15.113100040220226,1,1.6873226031175644e-41,0,1,1,0,1.0032433100097904,0.9941798266062527,-1.814076988600154,0.85554,1.026,1,16319,1,10.135617493054747,9169.988126695895,3.340392704455045,19.533109515797747,0.08611752375367805,3.9623687733457253,1.005850212393323,0.01373207201708887
165551882,1633.01,FA,0,1,,12.158280380607051,0.11162459439914857,0,0,5.119948117149323,0,0.12111671975157111,1,1,1,0,0.4656248666783734,9.944324012476399,-0.5034803612920405,0.3232,0.303245,1,14034,0,0.8228699243947333,1601.7445232986427,0.38071794609219883,5.170046469657692,0.03599181689242399,3.204593247722275,-0.08466881069574254,0.019277953031896167
319783554,4946.01,FP,0,1,,1.819376,0.0440737928756376,0,0,6.998964194464243,0,0.18212835182571696,1,1,1,0,0.9169729025826346,1.302009812930852,-0.16231257373160926,1.53122,1.75,1,1016,1,1.8180357531470182,4276.294824840376,2.579282250770153,5.94077965150273,0.058808617052177437,3.631067639564659,0.2596024197230115,0.05911330049261082
30312676,817.01,FP,0,1,,1.10223,0.0556888524450709,0,0,10.69963775630319,1,0.3216590225878362,1,1,1,1,1.3383921296202996,0.4187295797373392,10.228285072619375,1.0,1.0,1,18249,1,2.2025932704073803,1157.082451940461,3.1584799737823617,14.701596221909822,0.030590691934097334,3.0633643072204677,0.34293430798787333,0.05974926647105894
303055194,5804.01,FP,0,1,,1.7615631,0.03629385877762628,0,0,8.58548704291083,1,0.672312566127951,1,1,1,1,0.8211810959028906,1.8128711359331455,5.692776812492733,1.95303,1.223,1,92858,1,1.7637979191064306,308.9504111098984,3.2865377972955248,11.28363400093558,0.015807075788555273,2.48988877745201,0.24644882589538786,0.07763875521334618
90850770,2207.01,CP,1,1,,8.00048904123634,0.46136316273322675,0,1,13.023000380410762,1,0.9811116388252819,1,1,1,0,0.8159018528975087,1.848289538372987,-1.430191536293536,1.55738,1.17,1,15332,1,8.017853856909763,3403.1990569426407,4.377638764903622,23.07088265961672,0.05246272235885554,3.5318873522117262,0.9040581360107753,0.022749431264218467
44792534,954.01,CP,1,1,,3.68497,0.41063445729228926,0,1,12.548138534435964,1,0.6759251457978238,1,1,1,0,0.7767808005420751,2.1418463642128756,-1.320230619832666,1.93283,1.03,1,16278,1,3.681456749333446,1615.7710400795943,4.163605919686786,33.8054767584861,0.036149064008136805,3.208379819882331,0.5660197026434527,0.047123623011015914
381856447,2206.01,KP,1,1,,1.76901210452915,0.30034575140264347,0,1,19.8563622543624,1,0.5806076355908542,1,1,1,0,0.833856798624574,1.7314475553278441,-0.6646375373457805,0.701795,0.75,1,16483,1,1.7678732636713657,4722.471313519105,1.412586385015862,47.07916021789394,0.0618004747134565,3.6741693284957884,0.2474511278371012,0.03329297820823246
454069765,4916.01,KP,1,1,,4.1197036,0.0921874770306666,0,1,12.090090970422281,1,0.5281135897611822,1,1,1,0,0.9094029602221665,1.3347953126518952,0.3340749591279144,1.79413,1.06,1,17873,1,4.116661737444128,3321.5239543222806,4.651646412574525,18.26525126524707,0.0518293594216458,3.5213373888541817,0.6145451828593184,0.047081497797356764
307958020,4633.01,CP,1,1,,271.938638971,0.042448745555063734,0,0,5.3674443075180704,0,0.7243682029915993,1,1,1,0,0.892384183109743,1.412629174148636,-0.26840301352107615,1.5819,0.96,1,18299,0,1.9405885390354254,70.32292597120016,3.2374391730124046,3.7190644187887023,0.007541463145783325,1.8470969324114204,0.28793346214293475,0.06951154052603337
165464482,3894.01,CP,1,1,,4.3345378,0.4804114976003742,0,1,18.813015537916073,1,0.02475236226290589,1,1,1,0,0.7007137492880781,2.9178425008359103,-0.3196238754630763,1.43344,1.21,1,13801,1,4.335444170891088,8306.575863850974,2.7877439708553817,46.90849640905876,0.08196306015449566,3.9194220358303906,0.6370335980256614,0.026792179580014452
321668398,1862.01,CP,1,1,,5.64421124174708,0.4587295187405821,0,1,11.798777304791438,1,0.8940863942357861,1,1,1,0,0.9077507265010306,1.34209713127979,-0.8142740872487193,1.63591,1.24,1,16019,1,5.6387478537295355,2600.729734233087,4.462343447882112,15.002010624838917,0.04586218673985148,3.4150952230033464,0.751182674800762,0.0329738058551618
96291218,1678.01,FP,0,1,,13.7058173,0.11658985637088255,0,0,5.5072412016291485,0,0.20979680678194335,1,1,1,0,0.8496507540736103,1.63667489944854,0.5901470695712556,2.04508,1.0,1,15564,0,4.564089816001364,829.1182147999176,5.22779794427319,12.513739204324919,0.025894967777918422,2.918616456213851,0.6593541822426657,0.04772581678411281
66818296,1050.01,KP,1,1,,3.7354838,0.1970961688780471,0,0,12.098761038169084,1,0.0006634016476523855,0,1,1,0,0.9210181614261775,1.2849291490329517,-0.8723212679142456,1.57323,1.354,1,950,1,3.7380216278178646,8904.632311051651,3.686815852094332,15.736845654445997,0.084862367287055,3.949615991336811,0.5726418098343545,0.0410958904109589
141616639,4126.01,FP,0,1,,3.2428744,0.12423067795363286,0,1,7.015749798287013,1,0.3204391876752329,1,1,1,0,0.9746974571283864,1.0841122815506887,-0.3170062298348713,0.57523,0.628,1,16696,0,5.518559276155504,1785.72435373614,2.098537339094116,5.05930332204275,0.038002691629463604,3.2518144215792444,0.74182571177201,0.015844544095665214
201154493,1594.01,FP,0,1,,1.51233,0.053190080587324426,0,0,3.752885034302682,0,0.6966557621588974,1,1,1,0,0.6027860791795926,4.583467130580461,-1.3695733837335338,4.34703,2.4,1,948,0,6.806350786238681,165.93084682414715,6.727290745427025,3.8176910298853164,0.011584324424368865,2.219927129606087,0.832914328039536,0.04118268215417098
139528693,449.01,KP,1,1,,2.17517287669693,0.036700124390833054,0,1,13.327048900090007,1,0.8233237885022042,1,1,1,0,0.9707490732842662,1.0973945769374578,2.037168519521426,2.0626,1.23,1,16977,1,2.175707242408598,5576.916804799103,4.392081909908944,50.355342489179655,0.06715900137644451,3.746394165831678,0.3376004574047654,0.08411214953271023
322862882,3205.01,FP,0,1,,1.2361087,0.18363179349247685,0,0,17.677920808839634,1,0.002676364314918519,0,1,1,0,0.6651300269157322,3.4116470944958888,0.43999298007656634,1.0,1.0,1,10973,1,1.2355176092078255,15053.857399585202,1.2945123108753207,26.679455768618077,0.11033950866264781,4.177647797783907,0.09184893956188653,0.043656207366985
293607057,4987.01,CP,1,1,,4.2889696,0.1522688443866032,0,1,9.396744355876692,1,0.6756364315848953,1,1,1,0,0.7088656896308663,2.8183303329508194,3.3284556261839224,2.60866,1.44,1,15854,1,4.288451048976979,2622.8752647666774,4.8255194937513135,35.94162889415269,0.04605703388604232,3.418777637478792,0.6323004571371134,0.046884833228445555
469436001,7121.01,FP,0,1,,0.9739887,0.05837839045841141,0,0,3.7397154339310905,0,1.0,1,1,1,0,0.3967891923993652,16.069570159473397,0.32093424604603843,1.9509,1.67,1,1001,0,12.824143787429904,22625.71369666977,2.7700150580848786,9.235947161251119,0.13527211816254553,4.354602287308704,1.1080283787891088,0.009000000000000064
359271092,741.01,CP,1,1,,7.5768334,0.12440192373992959,0,1,8.056912351821156,1,0.7863725683572548,1,1,1,0,0.9671781374293472,1.1095946413110291,-2.798682280443734,0.525276,0.522473,1,16058,1,7.583918659959535,319.0899250118395,2.2477807698552583,7.657493024280445,0.01606436979322019,2.503913091937669,0.8798936664027722,0.012349490583513478
348054109,5976.01,FP,0,1,,0.437802367538937,0.05190782671719025,0,0,8.211558529087771,1,0.687885761514978,1,0,1,0,1.5929358796942323,0.24836413395370016,2.853011941044999,0.365717,0.352341,1,16877,1,0.8760667532060348,2155.612175939625,1.431478290952894,8.667116787523842,0.04175345910569772,3.333570628036094,-0.05746280085873063,0.06808263020075656
309787037,1046.01,FP,0,1,,1.3042553,0.05500854499876202,0,1,11.277593060012943,1,0.7984019578640359,1,1,1,0,0.7534428753706266,2.347106369641977,0.14650558002082087,1.75289,1.45,1,82000,1,1.3038750117559685,388.1083851822176,2.312123164634997,12.554872914036963,0.017716733799324254,2.5889530258861817,0.11523596232665344,0.07388627308946039
1333933,7719.01,KP,1,1,,3.275794451851916,0.7087156087969724,1,1,23.386202017650668,1,0.16870422463990561,1,1,1,0,0.7985603129583706,1.9713357387052415,-2.3564937614043053,0.955708,1.0,1,181676,1,3.2762297415629784,9441.27538341466,2.0559270997869263,15.90453634278711,0.08738210037723175,3.975030665332614,0.5153743485202084,0.02614701529353719
224225541,251.01,CP,1,1,,4.93772273227235,0.8806310996593807,1,0,8.866016495204734,1,2.4131399798496233e-11,0,1,1,0,0.4023889404708879,15.407978232962776,3.3852707063121867,0.955756,1.04,1,18298,0,6.402547106139344,1679.6264294580699,1.2784474092774354,17.522375424976353,0.036856449568891114,3.2252126997819848,0.8063527824331064,0.008319914117015659
137881699,1781.01,KP,1,1,,2.9720774,0.07055370222149664,0,1,13.676028966954723,1,0.8228446255080336,1,1,1,0,0.8586698658154945,1.5856418420289506,-0.26992074009184036,1.94654,1.15,1,18587,1,2.969761204307777,5670.216261900896,4.159241156165799,30.63535940614636,0.06771844211005115,3.7535996231890447,0.4727215295122157,0.05835543766578249
169532369,425.01,FP,0,1,,3.60364,0.18063540835396724,0,1,13.561315418005499,1,0.3950573850960229,1,1,1,0,0.7996115880445149,1.9635706211106123,0.7248830831086812,1.80205,1.47,1,17128,1,3.6044752724561535,4972.92706859509,3.524283248191737,37.58116002391042,0.06341809494715431,3.696612090050852,0.5568420505080265,0.04073967061542899
158297421,1073.01,CP,1,1,,3.92280161106811,0.6745587693377082,1,1,14.501223366239328,1,0.6956376521442411,1,1,1,0,0.8370784526997099,1.7115329912932333,1.7961339029167227,0.6983,0.69,1,16601,1,3.9205131196616443,16133.48748907506,1.8918620376368396,14.502198400315882,0.11422765867682597,4.207728256635585,0.5933429115240058,0.020106445890005875
308073360,3837.01,CP,1,1,,11.8886495,0.2758493446382561,0,1,16.973866262052184,1,0.2970955289986009,1,1,1,0,0.923124883621598,1.276151954158627,-1.4132232595947494,1.21487,1.03,1,16422,1,11.885211256852225,4853.26079430437,4.596530470877482,23.55269449667064,0.06265041633855005,3.686033629144286,1.0750069056157163,0.01611432046214656
311035838,1419.01,KP,1,1,,2.8997405,0.5436061826276731,1,1,27.80848722384607,1,0.9645533516620981,1,1,1,0,0.6984886393133769,2.9458167211643995,0.40416215535252725,0.821721,0.89,1,13196,1,2.897264854374149,12453.498846506483,1.542883427526815,70.4914766101874,0.1003581944442611,4.095291384865704,0.46198819818461334,0.02218879277924035
86005116,6157.01,FP,0,1,,0.4916402,0.08797993688155988,0,0,16.52575676858034,1,0.08938364707602388,1,1,1,1,0.7869249593126459,2.060078657039364,14.798824861425768,0.463718,0.461082,1,18111,1,0.9833847065608626,20615.858874212136,0.8519596355545196,13.372943737663977,0.12912426520417866,4.314201432591708,-0.00727655007053997,0.036098098649765764
149126400,4569.01,FP,0,1,,1.22531587062166,0.0457487951056386,0,0,4.63264654916088,0,0.020853932537600216,1,0,1,1,1.5750674018789088,0.2569131497921303,3.1458301061542704,0.297644,0.273932,1,16710,0,3.9681806971881146,31801.653453807034,2.072824264005242,3.050361791880685,0.16037327467744256,4.502449700713884,0.5985914401970878,0.021765056648777592
16005254,5344.01,CP,1,1,,3.7927572,0.0702459987208361,0,1,24.035570655602093,1,0.8973485796258047,1,1,1,0,0.7013138230572873,2.910359019310083,-0.5848705939876059,0.583413,0.57434,1,15313,1,3.7913280470644257,26459.151469508946,1.3921282672814654,37.412808895016575,0.14628341926194288,4.422575912488711,0.5787913636577972,0.01529947916666663
32487566,2386.01,KP,1,1,,2.75673948742882,0.41840998475075497,0,1,16.814469097431825,1,0.023162384177847568,1,1,1,0,0.8283178809892735,1.7664146326848034,0.28675756897800486,1.28427,1.12,1,86616,1,2.755857012981212,4996.565260087959,2.6048511492562207,64.55866505018732,0.06356864127929854,3.698671564099705,0.4402566805490141,0.03938356164383572
203189770,1198.01,KP,1,1,,3.612771,0.39944061607468767,0,1,21.93002126349057,1,0.9059210493587244,1,1,1,0,1.021948071811789,0.9405833307819849,1.943704626797979,1.71135,2.053,1,18322,1,3.6087233302951613,10938.325357890744,3.8282991291098467,88.68261907606559,0.09405514676610811,4.038950837216997,0.5573535873152557,0.044201909959072305
280307604,4800.01,FP,0,1,,4.3229915,0.08872154823950602,0,1,10.119469850393354,1,0.5423892807990369,1,1,1,0,0.7158691194168613,2.736420767937298,0.20575611362309584,1.36692,1.26,1,1086,1,4.321609197467858,915.219977338233,2.6766095674639643,6.51949186605716,0.02720632567386298,2.961525491292772,0.6356454911319002,0.025806451612903236
49617263,2417.01,FP,0,1,,4.83266,0.06958831410323058,0,0,4.24621084160168,0,0.7743547064258042,1,1,1,0,0.7535188102128474,2.3463968617062423,1.256848995030353,1.83073,0.96,1,805,1,4.766529475275144,212.31524003095802,4.268533858455353,3.510139697210112,0.013103814344496693,2.326981169030808,0.678202282957622,0.03731343283582089
166836920,267.01,KP,1,1,,5.752580381164854,0.2872365490858382,0,1,13.755763543603903,1,0.2962244387956621,1,1,1,0,0.9641685734920082,1.1200176023182824,0.4378041552874275,1.70927,1.14,1,13185,1,5.765875375495177,4260.754322914729,5.130981233024929,59.03803883467992,0.05870166146419781,3.6294864932996127,0.7608652512468352,0.037078651685393316
131036011,3372.01,FP,0,1,,11.0701242,0.2203675178750296,0,1,11.83368242346642,1,0.25464316217311495,1,1,1,0,0.9716908074757229,1.0942069804808747,-0.6871068493371164,1.0,1.0,1,1083,1,11.066522520134038,9348.330868302668,3.9274904322841593,10.09909246623984,0.08695092058017433,3.9707340751082025,1.0440111721363545,0.014787430683918634
313761775,1526.01,FP,0,1,,1.5309799,0.03549933168059935,0,0,4.817253271763314,0,0.5059126698542592,1,1,1,0,0.6305032316331775,4.005177916419602,-1.811692120195908,2.38461,1.235,1,974,0,2.250733299470836,108.78501633859727,3.3309927556402936,2.7496364869493215,0.009379759163424217,2.036569081303402,0.35232403634645637,0.061664953751284717
404518509,4320.01,CP,1,1,,25.1290153,0.060250837243168716,0,0,4.827006683364993,0,9.164241329654334e-05,0,1,1,0,1.4324684626147632,0.3415297622097894,1.0404356420153607,1.03563,1.06,1,13507,0,5.735033865353677,162.13586245772404,4.723708068725032,5.813712969573872,0.011451086357314939,2.209879086069277,0.758535986752161,0.03431909456005833
317397615,1614.01,FP,0,1,,0.7438074,0.03483896953226139,0,0,5.696734153295683,0,0.9537529161147148,1,1,1,0,0.4634906521635119,10.082328068963665,0.7680204595745068,4.03695,1.0,1,15434,1,1.4894402539481841,147.85847135423413,3.8757167498671032,3.6445348894790306,0.010935288688815529,2.169846211899016,0.1730230870065663,0.10842207163601159
281979481,274.01,FP,0,1,,0.5417947272272686,0.04767685815406595,0,1,12.772610892739259,1,0.9813885384254489,1,1,1,0,0.7685702972821069,2.21122519617986,1.5329379709453477,0.807298,0.87,1,12496,1,0.5420639241729479,419.4638879414514,0.961194346775263,7.239159685260354,0.018418507522941396,2.622694577935083,-0.26594949523548334,0.07388384037929674
198588220,2014.01,KP,1,1,,4.8099755,0.07776572262273493,0,1,11.48020011777389,1,2.7672361919889937e-05,1,1,1,0,0.833076471818297,1.7363175555983141,1.6352050980657729,2.6481,1.292,1,18207,1,4.800723278114018,3295.512386896737,6.197510735560397,50.2122342779377,0.05162601711252512,3.517922948369088,0.6813066732152202,0.05378973105134476
301031110,7499.01,KP,1,1,,3.830416247652816,0.5874086494802828,1,1,15.724682029312037,1,0.9842242105881748,1,1,1,0,0.7356360324163436,2.5217079253029477,-0.6997271393101046,1.2148,1.03,1,15515,1,3.825549808292291,9358.347952785783,2.5101709903236644,16.534486434374553,0.08699749368122912,3.9711991886618367,0.5826938608093692,0.027339980701190092
284450803,1142.01,FP,0,1,,3.3686634,0.06551948482400023,0,1,9.264398366241304,1,0.005151493200760935,1,1,1,0,0.8650074117314295,1.551044569406383,-0.6648083188288896,2.68133,1.735,1,19591,1,3.365725478643105,1083.765899421829,5.246622498547076,47.33221746877903,0.0296056695779272,3.034935481861905,0.527078690376443,0.06495160468670408
456945304,5559.01,KP,1,1,,2.1408063,0.7369461679923132,1,0,3.9151216653398797,0,2.246848115997687e-11,0,1,1,0,0.5143038645779487,7.37945689770323,-0.7522139694175821,0.997389,0.931,1,15584,0,5.454678736725175,4005.3175217760195,1.6772875039257504,30.134775360402397,0.056914853471974745,3.6026369505049334,0.7367691771102193,0.012812299807815565
69356857,5232.01,CP,1,1,,4.0966887,0.2410511545712957,0,1,11.779036382258115,1,0.6365815329081324,1,1,1,0,0.7979176477551996,1.9761028831508707,0.06852687005375578,1.74116,1.2,1,14717,1,4.096576583720379,3934.6732337759427,3.7942564431479235,16.348744582835568,0.05641069914312615,3.5949086709617686,0.6124210782180615,0.03859174001354099
280437559,969.01,CP,1,1,,1.8237371,0.3777055963784163,0,1,16.96520566956255,1,0.2445576849417318,1,1,1,0,0.7549313935578396,2.3332501711804983,1.187274604524035,0.823845,0.66,1,16663,1,1.8248247095359418,1332.7116924595207,1.5832957742731903,17.870761128505446,0.03283033020358822,3.1247362079911887,0.2612211529911125,0.03615177771138328
193641523,824.01,CP,1,1,,1.39297212730928,0.11701488486239728,0,1,19.498933919450806,1,0.18587709816498565,1,1,1,0,0.7851930714957531,2.073740394025643,-2.628916217874132,0.729635,0.7,1,15384,1,1.393263233188535,1195.0200836046142,1.3071050133854627,15.235382951949381,0.03108814070695177,3.077375204133836,0.14403317666881973,0.03909003524511373
138359318,4448.01,KP,1,1,,1.01869894431387,0.028430226930147306,0,1,19.291761701029724,1,0.8497327110873366,1,1,1,0,0.8192545427708456,1.8256906394301362,0.22570822046036523,1.0,1.0,1,19581,1,1.019283470403175,66062.45284380241,1.495433721223202,13.09342584218884,0.23114499505164543,4.819954694646828,0.008294981367993724,0.06113092205807441
2041563029,1427.01,FP,0,1,,12.80758,0.03816780733597047,0,1,38.15617504805261,1,0.33643720096349894,1,1,1,0,0.8159456954774732,1.8479916162381502,4.0390257171529935,1.0,1.0,1,17991,0,13.580221006509525,31562.988925000423,3.530857461692504,64.00894752105513,0.15977035799263295,4.499178122933157,1.1329068377741247,0.010833333333333417
319968129,5070.01,FP,0,1,,6.216994,0.20698306087523213,0,1,8.506995956717107,1,0.6031476093046501,1,1,1,0,0.7518548981544758,2.362009627025065,-1.826211148374432,1.5381,1.238,1,14862,1,6.207944773782144,754.3225160958622,3.59013673664509,7.949497589834149,0.02469935899760414,2.877557071351424,0.7929478447597399,0.02409638554216864
29960110,1201.01,CP,1,1,,2.49197708495188,0.8590758773863857,1,1,18.565627429457255,1,0.14724308612092546,1,1,1,0,0.7657136166071602,2.236066179853212,-0.4452467115043915,0.482388,0.480382,1,14730,1,2.4907138837826186,2132.8424649096346,1.1595564301757189,11.956575867064961,0.04153235297326251,3.328958778962289,0.39632384161474254,0.019397993311036754
460396820,5685.01,KP,1,1,,2.3409909,0.5711262755731507,1,1,17.148747814355733,1,0.7754120591492115,1,1,1,0,0.49809864254920694,8.123397202378985,-1.2115841372383267,1.35323,1.14,1,7048,1,2.3433100823876414,11125.170990497147,1.5544565819382214,34.63288023203604,0.0948550580547214,4.046306694678469,0.36982976113621735,0.027639971651311105
388624270,1026.01,FP,0,1,,14.26287566348697,0.0922149681163426,0,0,6.555554014291327,0,0.38637997909086896,1,0,1,0,1.5617100463938485,0.26356185240379487,1.2223312094078296,0.853898,1.01,1,101531,0,4.758590696278708,418.8434469120095,4.054855452462837,6.394944286899417,0.018404880811624065,2.6220517250017266,0.6774783511546765,0.035504694835680695
318022259,1730.01,CP,1,1,,6.2262315,0.7751383353599608,1,0,10.173741152852115,1,1.291216904782454e-05,0,1,1,0,0.8568895482800947,1.595545621835819,1.0306634270726378,0.532243,0.529004,1,16464,1,6.222362370002307,1357.8545513356355,1.8812661274632012,10.75826143172133,0.03313857070533814,3.1328532523190358,0.793955299397212,0.012597480503899194
341630071,2147.01,CP,1,1,,26.204978226299,0.7992369297593914,1,0,5.275930181941917,0,1.0,1,1,1,0,0.6939182436346526,3.0044075649740396,0.5739115793232221,1.33633,1.15,1,19571,0,11.025236557046597,1732.312401370506,3.573019337723114,12.995721166143754,0.037430036796781224,3.2386262144463527,1.0423879164453493,0.013503184713375747
124778445,2503.01,KP,1,1,,1.67515675725508,0.20810090713254234,0,1,18.077942135463186,1,0.820116246193869,1,1,1,0,0.9480488512752925,1.1781256582548756,0.1722221403687046,0.963518,0.95,1,104621,1,1.6745287665782325,15018.743203558115,2.0013829791730657,25.41145323809697,0.11021074614518143,4.176633591616448,0.22389261264559573,0.049799656554092686
356919658,1863.01,FP,0,1,,1.42611,0.08489054145847733,0,0,14.794259135316361,1,0.38166699374165053,1,1,1,1,0.7922469513935257,2.0188406161276866,3.641200531707936,1.31941,1.29,1,18186,1,1.4244552945890738,1311.9464238280366,1.9596418396628832,15.218508860538014,0.03257355783869678,3.1179161000465507,0.1536488237980717,0.0573213800597664
54364414,2041.01,FP,0,1,,1.37477,0.06502664183287721,0,1,13.997027598846929,1,0.10341083876608922,1,1,1,0,0.8366034928017858,1.7144496817114858,0.35155121381567067,1.02214,1.049,1,992,1,1.3739491935104649,702.4317542904113,1.6969866930946607,11.42279610980865,0.023834673928593404,2.8466041361574206,0.13797067349062833,0.05146316851664984
229510866,1181.01,CP,1,1,,2.1031647,0.13238238671698455,0,1,19.577925261679102,1,0.018268567311164507,1,1,1,0,0.8818272724797566,1.463973396958396,1.811349103284228,1.92663,1.16,1,18212,1,2.1034140383976516,6470.981802399356,3.757688322875025,136.5199561235878,0.07234228730618406,3.810970178507317,0.32292476811798115,0.07443629448519429
97700520,1013.01,FP,0,1,,5.42555479046561,0.44628366303045647,0,1,20.480565326137548,1,0.053931682515883046,1,1,1,0,0.8653033629655424,1.549453647910173,46.251616826428894,1.0,1.0,1,104598,1,5.4255962523602586,11160.053701108729,2.7578302645082404,53.27741031375231,0.09500364956553872,4.047666284390008,0.734447472452475,0.021179164281625584
415969574,342.01,FP,0,1,,10.45776,0.23468704184683373,0,0,3.7606058770957027,0,6.5911910000220305e-06,0,1,1,0,0.3763844659180383,18.827328080638246,-0.8142839405794707,1.0,1.0,1,9604,1,5.30156992718425,4054.609572927692,1.1903732892638268,4.43609917015936,0.057263998219695335,3.6079490414111723,0.7244044940824038,0.009355509355509384
113553629,988.01,FP,0,1,,4.30438,0.028096414941106176,0,1,8.193687403520501,1,0.970893953886769,1,1,1,0,1.0,1.0,-0.9488126145200174,4.4529,1.27,1,16772,0,0.9557436802149375,236.46725648818202,2.566805823266475,5.81798772010358,0.013829059754184924,2.3737710126806113,-0.019658565039882572,0.11190264173345205
237913194,2179.01,CP,1,1,,15.1689722976844,0.8935228735210808,1,0,7.856351929927205,1,2.173509860667542e-62,0,1,1,0,0.43756445785413955,11.982781738351978,0.7084527441616304,1.12898,1.02,1,92084,0,3.7964284994696746,1484.7615236053268,1.3885769608955232,12.711843939166922,0.03465257396234525,3.1716567046301734,0.5793752249493008,0.015239948119325553
18017227,3890.01,FP,0,1,,0.6203033,0.037120761484791515,0,0,4.549636981447046,0,0.1371079808070837,1,1,1,0,0.7861106973985154,2.0664868450087686,-1.2594162723916054,1.77572,1.23,1,15271,0,1.8625825644984888,627.8278793959702,2.907445954339103,4.73447024882631,0.022533437320158032,2.7978405971222156,0.27011553323850085,0.06504065040650403
146434840,956.01,FP,0,1,,17.95473,0.7034808084296781,1,0,7.070590194889419,1,0.0003507036288837225,0,1,1,0,0.6973525373258778,2.9602378500050195,-1.783041067532011,1.74287,1.161,1,1137,1,8.96796318417653,500.2293526928936,4.357672251466036,10.002689615016845,0.020113689094504214,2.699169171877765,0.9526938166986697,0.020246478873239326
412259468,3357.01,FP,0,1,,2.65357769264775,0.3376787170953621,0,1,13.37264041923655,1,0.8149896209049727,1,1,1,0,0.7102266558276079,2.8021595502599403,1.5599396695730972,1.70185,1.94,1,16671,1,2.6503500209849347,1182.8073702964125,2.432588964584915,11.816871915714797,0.030928877456629807,3.0729140220335602,0.42330323323644903,0.03824320286824018
248250955,4552.01,CP,1,1,,0.301150580637201,0.2839869415478506,0,1,7.113527265672294,1,1.0,1,1,1,0,0.42454255301934674,13.119584523208678,-0.6780639351119963,0.286178,0.260928,1,14354,0,12.097319808567939,6424.127529832124,0.7916446500494596,6.365393550234803,0.07207990801708705,3.8078141538385912,1.0826891619459895,0.002726653033401582
162802770,2641.01,CP,1,1,,4.88096396158047,0.3529910350884164,0,1,9.271679640670625,1,0.44105426943563125,1,1,1,0,0.7267103527316099,2.6157710079401704,0.7297771819945748,1.27132,1.24,1,15420,1,4.882779263297777,880.211948709464,2.646151342690402,7.030014490203633,0.02668091852839364,2.944587259731771,0.6886670914971925,0.02258064516129027
240968774,1467.01,CP,1,1,,5.97113566694453,0.36238194600210055,0,1,10.501392422430097,1,0.1039140423092908,1,1,1,0,0.6021854168749965,4.597196438454691,0.2676221902054818,0.490737,0.488826,1,11984,1,5.9823559292421855,1225.1809294459015,1.2351935224654043,6.802719898253018,0.031478009414341514,3.088200228176267,0.7768722484658293,0.008603031544448969
341729521,997.01,FP,0,1,,8.41348556875335,0.33320661070065644,0,1,21.55580306709909,1,0.8211337248147215,1,1,1,0,0.7457925478147773,2.420079568892971,0.12934478930572924,0.926261,1.04,1,16836,1,8.421942128929524,15500.637115386295,2.5160988932901396,48.26348234354959,0.1119649064085201,4.190349549138683,0.9254122528556877,0.012448132780082943
330332501,1328.01,FP,0,1,,4.0157492,0.061127030789875865,0,0,3.5182886162545772,0,0.7502822846951552,1,1,1,0,0.7286446422936499,2.594994465128935,0.9414587211032245,2.06949,1.37,1,18857,0,4.32643455811521,254.25673669066117,4.01265926194698,3.6046538129419323,0.014339809475671992,2.405272468650125,0.6361301389387441,0.038644785600847
438490744,529.01,FP,0,1,,1.665878,0.030072495225015934,0,0,13.775278990587722,1,0.16695280356006076,1,0,1,0,1.8689301813818107,0.15378165519273276,-1.1623798218198638,0.244497,0.214929,1,14682,1,1.6660277204310636,50714.52123046138,1.640258629933476,38.14604601979905,0.2025225149091716,4.705132329891446,0.22168222319927508,0.04102219233355753
264303333,2250.01,FP,0,1,,0.8153098,0.03615047990850074,0,0,4.4041746153129875,0,0.45108163425072756,1,1,0,0,0.14568103058372092,324.6943624857289,0.9505829863368118,0.96947,1.023,1,18372,1,0.8217631920800529,148.72545004473992,0.238128319679759,3.006276763638659,0.010967301752194266,2.1723852917785553,-0.08525331529430316,0.012074054199087803
164458714,4589.01,KP,1,1,,17.8335899,0.03502411081096018,0,0,4.53106289803704,0,0.3044878024519814,1,1,1,0,0.658329834919138,3.518464321069459,-0.5932770027889744,1.42749,1.238,1,18308,0,1.2182361935760992,95.55478128719929,1.6953923295297975,3.7747250492625515,0.008790900372886866,1.9802524227850187,0.08573149816727287,0.057986577181208025
184892124,5090.01,KP,1,1,,1.98280412480463,0.03580801422443279,0,1,21.643391805335863,1,0.5489653064515928,1,1,1,0,0.8712296558688449,1.5180490822241661,-0.5387392121030211,0.293047,0.268704,1,15266,1,1.9823436620423454,127059.62976989194,0.9014774183479073,16.791889661099912,0.3205611885060325,5.104007585540978,0.2971789466127963,0.01894805619078732
248075138,769.01,KP,1,1,,4.9816784,0.43867142007472226,0,1,21.317340999543262,1,0.8785416325165805,1,1,1,0,0.9326106845510218,1.2376065622713828,0.2958690042486874,0.786807,0.92,1,922,1,4.983079205480672,11436.847815899488,2.3373400833524984,24.397240807433736,0.09617458433031416,4.058306342219271,0.6974977902876154,0.019543973941368087
284528889,3999.01,FP,0,1,,4.112385,0.040306470552628385,0,0,6.949482305310812,0,0.7907798160434061,1,1,1,0,0.9091462652650384,1.3359262593098948,-0.12682127018854097,2.13645,1.0,1,18545,1,4.1355527607920655,511.2031833461872,5.6548488166917465,3.929495083509533,0.020333115219543434,2.708593549581835,0.6165335658638341,0.05697393173877979
322807371,4862.01,CP,1,1,,0.0,0.10385339036305612,0,0,5.665162261713786,0,0.9442030593398559,1,1,1,0,0.9331056130511769,1.2356382901329275,0.2039112257778545,0.911394,0.946,1,17120,,6.160331113026585,842.7922289668821,2.8804339720112715,4.662454184157751,0.02610762752869295,2.9257205225075373,0.7896040557838537,0.019482407676650215
27916356,3534.01,KP,1,1,,3.23469439654228,0.3199988677027572,0,1,15.175823650720991,1,0.3321333205143413,1,1,1,0,0.8922527702050952,1.4132534312592688,-0.5737467609143814,1.31474,0.99,1,18308,1,3.236411637065587,8488.000629191973,3.157819376301924,29.081615561868315,0.08285330716911067,3.9288054030863324,0.5100637540826084,0.040654843110504824
329709756,5915.01,FP,0,1,,12.5482879,0.02815066874699354,0,1,15.9571697700056,1,0.8900897999007499,1,1,1,0,1.2246336088163847,0.5465944799728157,-0.3339981102220797,0.585763,0.576314,1,19446,1,12.55846787084035,65561.92701214447,3.634158993921978,18.484915767883397,0.23026768872569126,4.816651709975364,1.0989366588417064,0.012057465366854758
302659412,1957.01,FP,0,1,,14.5187891,0.05987452198323834,0,0,5.437131367101197,0,0.8108357619724886,1,1,1,0,0.7080755304472214,2.8277760015697075,-0.9876432566612495,1.79392,1.1,1,15848,0,4.314724277067289,188.12262686951354,3.6334520227935068,4.608560125462674,0.01233467366737844,2.274441034431735,0.6349530483075094,0.03508771929824561
233569098,2148.01,FP,0,1,,23.48522,0.6457236364083319,1,0,4.12068282465269,0,0.03970768064642686,1,1,1,0,0.4790860663468337,9.1294190741088,-0.26965922137795834,1.51063,1.08,1,19611,0,7.2251539675729575,1034.6757855416167,2.473409814676023,10.03849317036237,0.028927392581371423,3.014804285436998,0.8588471063150704,0.014263881813550705
291555748,1018.01,FP,0,1,,4.95912,0.43369825432442916,0,1,10.3954798922471,1,0.6358170521132707,1,1,1,0,0.6811148282850935,3.1770405490758145,-0.9153951528699205,2.00193,1.07,1,17399,1,4.9537050471754975,2413.6450858565086,4.12193680716264,20.997566806386978,0.04418184540268153,3.3826734096776274,0.694930144317324,0.03467048710601711
169081296,7458.01,KP,1,1,,16.238524631760942,0.5607574286018301,1,0,6.087434901873001,0,0.035509934230826275,1,1,1,0,0.6542708976782409,3.5843544884551735,0.598181880045173,0.952085,1.026,1,12533,0,5.105654619966255,1162.5977358729056,1.9289368103768654,8.902609581620343,0.03066351119632604,3.0654294728446416,0.7080514329288503,0.015741833923652138
437248515,683.01,KP,1,1,,3.40588950341447,0.7007955728942488,1,1,20.16080606517913,1,0.29280765915248674,1,1,1,0,0.7798073589058668,2.1170044740778033,0.7718066247008585,1.26867,1.2,1,15735,1,3.40903469965326,12318.130996879396,2.541378641389679,76.94150241452084,0.0998112641124548,4.090544818273424,0.5326314218188701,0.03106180665610131
25624952,7417.01,FP,0,1,,3.1239462,0.027128433042953357,0,0,7.840444118565348,1,4.745764112926982e-06,0,1,1,0,0.7611268949355497,2.276735391542215,-0.06365656882071724,2.39737,1.17,1,1089,0,6.471738234309441,204417.83701848838,5.8531161972063295,16.18840044893724,0.4065992199804403,5.310518788628633,0.8110209428294886,0.03768382352941174
1133072,566.01,FP,0,1,,0.846542,0.04059429534071993,0,1,13.919142406733604,1,0.8667098201972913,1,1,1,0,1.422506123921496,0.34875571206918715,-0.22896504907935813,0.495561,0.493652,1,12933,1,0.8480120934071192,2962.608093353247,1.5313047552349666,13.002175944035892,0.048949047952942235,3.471674204922104,-0.07159795427332236,0.07523992322456813
470381900,1696.01,CP,1,1,,2.50052909832679,0.18665647696784377,0,1,11.595480188923709,1,0.09984641131042175,1,1,1,0,0.8517407646509595,1.6246561684424783,2.245843126245868,0.280475,0.254505,1,16840,1,2.5001708734135484,9001.308603705738,0.9279887222007654,6.032293168894539,0.0853217928389167,3.9543056514454884,0.39796969140989424,0.015465421651590261
1400212743,2113.01,FP,0,1,,5.24612,0.135049251182282,0,1,9.778415971817568,1,0.9060508629745817,1,1,1,0,0.8339183402896466,1.731064250523521,1.2307168546725675,1.0,1.0,1,19561,1,5.239406743827329,756.2044772978504,2.627045215758509,5.614075799641616,0.024730151051189246,2.878639244383293,0.7192821147569548,0.02089171974522286
144043410,2554.01,FP,0,1,,6.26365006546498,0.18868844876221327,0,1,10.666146233041264,1,0.08792904387002054,1,1,1,0,0.8482412113995723,1.6448475704141567,2.636289383283718,2.04438,1.5,1,16874,1,6.265016615348871,5038.1056477177835,5.065332582622503,21.960024152112155,0.06383234244951189,3.702267270295835,0.7969222271170421,0.033687943262411424
373785851,2062.01,FP,0,1,,4.04163,0.05941673547469449,0,0,4.927339406867194,0,0.694971989801323,1,1,1,0,0.6427601743876945,3.7803924211329414,-9.965709022780313,2.3559,1.5,1,12634,0,2.306559971683625,863.094732262204,3.170153515584132,9.702730321334839,0.02642021696953031,2.9360584659826703,0.3629647509593168,0.05726698262243291
198390247,1453.01,CP,1,1,,6.5886877,0.6019786739122659,1,1,10.393737002222307,1,0.4751350526434673,1,1,1,0,0.6714422274112873,3.316330545857754,0.9616022634791934,0.70962,0.81,1,18373,1,6.577424051221589,689.6286224189474,1.7370330827702913,7.426484005133268,0.02361645926851279,2.838615278194621,0.81805584203698,0.011003757380569081
9443323,6052.01,KP,1,1,,4.0135700487779,0.21494566842855256,0,1,13.35000945972559,1,0.38879517913616174,1,1,1,0,0.90617842626611,1.349095233553992,0.9317104307824312,1.53012,1.01,1,16053,1,4.013311236129363,6397.336519891827,3.9833611522776473,27.63946397973978,0.07192945092562932,3.8059991965653137,0.6035028409927988,0.04135572139303478
468472950,1395.01,FP,0,1,,0.98736,0.03814495246761171,0,0,8.233127930925464,1,0.29794594023803217,1,1,1,1,0.826896933003081,1.7755365638440317,4.382201680887969,1.69217,1.237,1,114285,1,1.9718219096584113,281.65613317787665,2.9646813363697335,5.902041906842569,0.015092693520628043,2.44971921261489,0.2948676879148902,0.06264682850430697
188570092,294.01,CP,1,1,,7.327945,0.39392831185178145,0,1,23.878911948590027,1,1.0,1,1,1,0,0.8481901107204067,1.645144878379385,-2.7561720230266586,0.788876,0.711,1,9650,1,7.333139082944855,12186.63523084318,2.6417519677689474,35.391425360205965,0.09927709324383154,4.08588381206678,0.8652899220585673,0.01501035196687367
73244652,6396.01,FP,0,1,,8.2100724,0.0925294107345954,0,0,3.8629474399885275,0,0.7695463324555347,1,1,1,0,0.6024179725134424,4.591874429446134,0.5499356205911164,1.9579,1.3,1,12706,0,6.6282031842427935,744.3748607836031,3.682046178457368,3.9773462175778502,0.024535956648533985,2.8717916976031166,0.8213958130307839,0.023146331894860817
158657354,5986.01,KP,1,1,,38.5835888603263,0.10212210764275641,0,0,4.889543221424775,0,0.03198833185015328,1,1,0,0,0.23927035693842158,73.2853339440125,-0.0476451275828806,1.74231,1.27,1,19570,0,1.5570725423800476,424.98964616755063,0.8092810156574004,3.8669387531562007,0.018539427616245507,2.628378349657198,0.19230884636481946,0.021656050955414008
298073824,1447.01,FA,0,1,,1.22730790636151,0.02797143648539544,0,1,12.301474125905322,1,0.34339590046750634,1,1,1,0,0.42928428449114114,12.689625171711489,-1.7692752785037045,4.12041,1.0,1,18321,1,1.229464317463787,107.8876962997688,3.436956610494582,8.222646044211666,0.009340994293031016,2.0329719198099467,0.08971592880189745,0.116478797638218
271169413,4559.01,CP,1,1,,3.9649052665498408,0.14724015724945436,0,1,9.792723584858198,1,0.7250384116105695,1,1,1,0,0.8824640917804847,1.4608063086459906,-2.8768267034527897,0.426767,0.421338,1,11793,1,3.966345218616696,1066.9279550511446,1.442307352224257,5.193589079384179,0.029374784827256407,3.0281350944196825,0.5983905111843412,0.015151515151515194
47484268,226.01,FP,0,1,,0.0,0.7396891257090761,1,0,5.743642601098131,0,3.0121973439278203e-12,0,1,1,0,0.9944065070337631,1.020920421325342,-0.3563640935163229,0.388469,0.378406,1,17868,,11.40758243930498,5853.537854717206,2.1806309743906263,9.955503862726484,0.06880442384035011,3.7674184312735495,1.0571936159768813,0.00796484482285087
326470400,7164.01,FP,0,1,,736.5528811,0.7096252573999305,1,1,12.644872994834108,1,1.0,1,1,1,0,0.8560664343481973,1.6001524336838648,-0.20282840504467858,0.86066,1.0,1,946,0,12.070199792237394,1636.70831956797,3.0654475662824803,10.387663159549895,0.036382521262971805,3.2139712899868127,1.081714458825444,0.010582010582010469
379929661,625.01,CP,1,1,,4.786958,0.25339089931264386,0,0,17.2007742797981,1,6.734864537729529e-11,0,1,1,0,1.0209078575182966,0.9434613734982501,-3.9648799454847428,1.908,1.796,1,100280,1,4.790610612515932,4796.559248728904,4.8997781227745145,53.13919167128075,0.06228336288616328,3.6809298133920656,0.6803908722340236,0.04261615862681273
298049015,5199.01,FP,0,1,,3.9131371,0.0996806448783348,0,0,11.713551335199302,1,9.838051227091615e-05,0,1,1,0,1.2669282915953104,0.4936596833310456,0.16278460095000405,0.618662,0.603055,1,13699,1,1.9583079998968986,14432.84831257119,2.1052167573545724,9.385834938409776,0.10803965046589122,4.15935204726558,0.29188099805756756,0.04479242534595784
17993892,1800.01,KP,1,1,,4.1244833,0.5345466632918118,1,1,16.68488705378041,1,0.02977753524904687,1,1,1,0,0.8292229112761536,1.7606372432263582,-2.6006932198347403,1.25599,1.0,1,16528,1,4.1303145862617905,8298.008364982734,3.0308783294870674,50.50654000974536,0.08192078042340531,3.918973868292907,0.6159831310448959,0.030575539568345304
91576611,1129.01,FP,0,1,,4.43651,0.4999800929025465,0,0,9.407512675558111,1,0.8480140990432683,1,1,1,1,0.7446805587892877,2.430937066213985,6.2285640626787835,2.31936,1.577,1,1132,1,4.432989023486021,1154.9380333798488,4.421230431911791,33.350350695989576,0.03056233195448202,3.0625586833769614,0.6466966559450928,0.0415561450044209
267572272,4489.01,KP,1,1,,2.79747573594296,0.033006264229857626,0,0,12.560801841522757,1,6.257831878405469e-17,0,1,1,0,1.256064380564024,0.5065800276122072,-34.155915426564476,0.867368,0.96,1,14518,0,0.6530281903598929,44313.52419905632,1.7378762388482343,24.81070190845832,0.1893107569473716,4.646536290301093,-0.18506807040412163,0.11088573360378634
62483237,139.01,CP,1,1,,11.0708575296637,0.9033739833466944,1,0,10.063656984768086,1,1.5358741092427713e-13,0,1,1,0,0.7013730461989969,2.9096218393512716,-3.9876639125201114,0.700727,0.69,1,18091,0,7.16008980754204,905.8515020778923,1.9443347322204614,11.501669790199253,0.027066721306901863,2.9570570088092754,0.8549184696088803,0.011314655172413757
144970275,3423.01,FP,0,1,,2.5313424,0.185941473634739,0,1,12.492398720252597,1,0.9390865115037081,1,1,1,0,0.882419375813419,1.4610283958261223,0.6499724597677278,1.0,1.0,1,1086,1,2.527076352786287,5223.357187247202,2.180040061021168,11.101183320639988,0.06499530848596824,3.71794972508004,0.4026183638403015,0.03594470046082954
219852882,1346.01,CP,1,1,,5.50255772450521,0.15932164533197554,0,0,4.862614687589439,0,0.5535447921680854,1,1,0,0,0.2320743516464334,80.31604716401915,0.9345206779553207,0.784109,0.819,1,18404,0,2.5953074811445793,493.5065227770208,0.4847917356083328,2.949078254509082,0.019978072987551016,2.6932928972029115,0.4141888186213145,0.007783145464304975
15247229,1188.01,FP,0,1,,8.5112,0.6507429047969372,1,1,13.34393918484861,1,0.5547835231786832,1,1,1,0,0.8424275460364744,1.679136824663905,-0.8014530102154859,1.58394,2.031,1,18307,1,8.512830550233268,2149.6478668635577,3.902197905700371,11.31668875624162,0.041695655796808166,3.332367324100241,0.9300739887511085,0.019099590723055893
63189173,5093.01,KP,1,1,,2.29840578874573,0.14766694995228977,0,1,26.67200330538526,1,0.6447777919133437,1,1,1,0,0.8036042356988774,1.9344482318432956,1.321119012629157,0.794584,0.66,1,15206,1,2.297260658744034,30523.165326975854,1.7551765059258648,84.99601369457308,0.157116548963474,4.484629569019328,0.3612102752262319,0.0318345914013784
350445771,258.01,FP,0,1,,3.1901568769397,0.060882169433741064,0,0,4.75285276400901,0,0.8571268927592367,1,1,1,0,0.7489695982294865,2.3894128520686215,0.08244077124482024,1.98958,1.32,1,17096,0,3.4677467518846417,858.958502373608,3.729352150637137,6.079902277481676,0.026356833815818156,2.933972182893539,0.5400473736153009,0.04480998298355071
52689469,2502.01,KP,1,1,,3.14138245312697,0.06652657950415986,0,1,11.602736635763057,1,0.07405737582646545,1,1,1,0,0.8807325166039849,1.4694393690823018,-1.6859480302660423,1.73409,1.35,1,104615,1,3.144674472395654,3894.1173406547014,3.672086962614277,9.628189313890555,0.056119224863272026,3.590409033889468,0.49757569519960904,0.048654836863194106
164150539,1372.01,FP,0,1,,6.1600888,0.0998616631105407,0,1,9.053949872852646,1,0.28101125149338535,1,1,1,0,0.6962092237226578,2.974845705448059,-0.3153560360904874,1.54647,1.034,1,117244,1,6.161031300935179,467.74268305838086,3.5403175279953487,6.294158042197623,0.01944959883708313,2.6700070025168383,0.7896534152191351,0.023942944472745753
194179013,3332.01,FP,0,1,,3.1785277,0.02827049124456739,0,0,12.255875298572985,1,1.1591606466309133e-11,0,1,1,0,1.098990149709541,0.7563143907963618,2.0294000751373993,1.0,1.0,1,13349,1,3.17861696786052,35270.180690775145,2.9308247461958965,24.74495301359782,0.16889274298697501,4.547407684584007,0.5022381973809864,0.038418500559492696
303867090,3049.01,FP,0,1,,1.3168344,0.05347269297208817,0,0,12.773450035771074,1,4.3734286759927474e-11,0,1,1,0,0.8072744416821543,1.908183581539827,-1.6007013464313853,1.0,1.0,1,18391,1,1.3160616514689134,1938.907775154153,1.6045869850020327,10.883283949229707,0.03959913715165926,3.287557152196708,0.11927623446456274,0.05080141265960336
289580577,1753.01,CP,1,1,,5.38462389660919,0.0831685751762467,0,0,5.8641759840667875,0,0.9931347857861998,1,1,1,0,1.006477456523708,0.9846266994169913,-1.9290337951555034,0.959022,1.015,1,17095,1,5.383286069389065,643.845745451066,3.0531144047716623,4.796505481965751,0.02281907637555801,2.8087818302110037,0.7310474589641224,0.02363112391930833
287563610,840.01,KP,1,1,,3.7993182,0.7100607141410528,1,1,15.847328105598532,1,0.8105622166673968,1,1,1,0,0.7630708876318425,2.259379110139879,0.3484692833254292,0.973436,0.98,1,14233,1,3.798269659550281,8134.902719412529,2.1162916190425642,14.897730766947824,0.08111166731318549,3.9103523638278936,0.5795857943918857,0.02321552321552317
290348383,1099.01,CP,1,1,,6.441006,0.9246421054858261,1,1,19.104282867416337,1,0.8444678953345334,1,1,1,0,0.8399535409997074,1.6940177932904168,2.181433071222569,0.800152,0.78,1,19431,1,6.434832879289451,519.2080890924489,2.4631562818951043,17.094600350810335,0.020491694465161196,2.7153414500112034,0.8085372722124511,0.015949367088607613
207084429,381.01,FP,0,1,,4.89577,0.8356201881607896,1,1,12.577462499697289,1,0.0263156930895896,1,1,1,0,0.7347494285175421,2.5308475921383375,1.1443268973371605,1.77002,1.13,1,18247,1,4.892373077923909,225.1908454727891,3.8445701481914174,15.62716122389569,0.0134952990435973,2.352550731465885,0.689519567641786,0.03274288781535162
13021029,439.01,KP,1,1,,3.85588998096666,0.32635240415839983,0,1,16.485343060224455,1,0.18590039963534943,1,1,1,0,0.8369964928121194,1.7120358277663468,1.5097571496161695,1.43256,1.21,1,17042,1,3.852546935392703,8311.970402655745,3.1994399672816356,46.694980273733286,0.08198967046614977,3.919703988111901,0.5857479384113237,0.03460308229136372
234282389,2611.01,FA,0,1,,0.7320175,0.04382748019209349,0,1,7.992911296816034,1,0.2791703875939,1,1,1,0,0.7778943986354195,2.132661017793727,1.3979961563561998,0.811248,0.99,1,89152,1,0.7293018847416787,1921.2709533683592,1.0337487117949182,4.740889862367055,0.03941862356217757,3.2835886169463877,-0.13709266408426196,0.05906040268456386
37168957,545.01,KP,1,1,,1.90008624738961,0.0727841376812178,0,1,16.47381969198631,1,0.3690920495659086,1,1,1,0,0.9153259274665345,1.3090507099266193,0.2667565460911177,0.934028,0.97,1,14600,1,1.8996672247109028,23725.59869956592,1.9400856763004968,20.359065454471207,0.13852103792664108,4.375217180367493,0.27867752983207483,0.04255319148936171
358186451,3578.01,FP,0,1,,1.3176767,0.03345175855374855,0,1,7.4358685464118395,1,0.16926927509089754,1,1,1,0,0.8915435381371897,1.4166288880316136,0.5403777333734024,1.73498,1.604,1,18844,1,1.3170732648605803,401.4810376034017,2.6271741990442914,5.6367618279915614,0.01801937260732879,2.60366503788697,0.11960993414148477,0.08311275807305452
305550963,3957.01,FP,0,1,,1.5891628,0.0363350950210651,0,1,7.129975967116431,1,0.5074600796298337,1,1,1,0,0.7862903759576384,2.0650705036094936,-0.21915112804990342,2.00154,1.2,1,17639,1,1.5860513441936646,1167.624378873966,3.1326308223553614,4.457295001516414,0.030729728544429413,3.0673031540617015,0.20031724233786186,0.08229638009049778
366410512,5101.01,KP,1,1,,10.1367283,0.08061264334244274,0,0,4.632205233906719,0,0.7912350516984082,1,1,1,0,0.7446265003473178,2.4314665486221516,1.0767978130525717,1.50696,1.23,1,16307,0,2.850991838166891,527.3550866712329,2.6935217366386057,3.9889993187729815,0.02065183832847235,2.7221031394099326,0.4549959740109138,0.03936527311565463
377144784,1619.01,FP,0,1,,2.3866952,0.03014130985226753,0,0,14.894892880972149,1,9.493172616474695e-10,0,1,1,0,0.35341148579030723,22.74268750266831,-4.191071527366243,4.72692,1.0,1,17951,1,1.1937382675394594,374.0817858151058,3.2142422221778935,11.580868297733574,0.01739363804032862,2.572966562748948,0.07690911622077767,0.11219105803943345
157236902,4465.01,CP,1,1,,0.0,0.05059419485637224,0,0,6.278985355795681,0,0.11207565972331278,1,1,1,0,1.112081802113787,0.7299171388841058,-1.744886558532823,0.992285,0.979,1,16899,,2.5753085313989583,267.818970724254,2.762943492612644,4.642971158456614,0.014717288900243835,2.427841336638116,0.41082926656450525,0.044702467343976815
195093356,5226.01,FP,0,1,,7.8284207,0.08407060726727471,0,0,21.26799408347625,1,2.6159066107180935e-20,0,1,1,0,1.3151882798676438,0.4412858210862192,-4.5015483407023105,0.935,1.017,1,15981,1,7.829427754076375,21175.348673680204,4.404053111667961,46.761869830294586,0.130864675294133,4.325830570162537,0.8937300210197732,0.0234375
345143460,1533.01,CP,1,1,,3.6458046,0.878718611010801,1,1,13.741818074284462,1,0.15965021086063674,1,1,1,0,0.8047646677813938,1.9260921475823831,1.5732443391325395,0.879456,0.843,1,17975,1,3.649008931606227,849.623547132361,2.092098454120905,11.400451246305396,0.02621322268900367,2.9292265402815754,0.5621749263798721,0.023888888888888907
102734241,6002.01,CP,1,1,,10.9048392461916,0.047339334309722446,0,0,5.5853106174277025,0,0.1181307864267987,1,0,1,0,1.7418234780896416,0.18996401636205845,0.5351338561503473,0.242121,0.212382,1,13753,0,1.062892290870966,1856.5914662063144,1.3084097353906592,5.028289007344841,0.038749430296384446,3.268716349894077,0.026489257138133358,0.05129124820659975
325086150,7193.01,FP,0,1,,5.4934218,0.10207932155753137,0,0,7.205873954099574,1,1.0714586229709997e-07,0,1,1,0,1.0099125953035488,0.9746134437462586,2.438655304074202,1.25029,1.12,1,10485,0,9.122558179048987,18095.191005902954,4.6079816057995,17.806014690310686,0.12097307851759422,4.257563171714561,0.9601166417554436,0.021046643913538166
391821647,708.01,FP,0,1,,1.9958369872090749,0.13502381312080947,0,0,5.8937224284631915,0,0.3035075719816733,1,1,0,0,0.30069338423262204,36.92428926708553,-0.6432521482760192,0.941576,1.52,1,18241,1,1.9982360094121112,484.0144232075572,0.5625532460514976,3.9551366298884223,0.01978501111369695,2.6848583034339226,0.30064678095311737,0.011730205278592254
464300749,3362.01,CP,1,1,,18.0953159,0.10498476870556621,0,0,2.9094043964057805,0,6.065027602110076e-05,0,1,0,0,0.19205824221779333,141.70491514481765,0.23004524716836067,1.79629,1.38,1,18335,0,1.667572380556847,417.43734493948637,0.6664914591105504,4.87926135694486,0.018373961269138716,2.6205912994866045,0.2220846934396949,0.01665323663712054
